1, 1459427788739, 0, 3, 22.04, 50.715, 192.86, 496.8, 0, 0, 0, 0
2, 1459427789138, 1, 2, 21.99, 62.136, 195.71, 524.4, 0, 0, 0, 0
3, 1459427789978, 1, 1, 22.32, 47.354, 175.71, 455.4, 0, 0, 0, 0
4, 1459427792855, 4, 3, 22.06, 50.675, 194.29, 496.8, 0, 0, 0, 0
5, 1459427792883, 4, 2, 22.00, 62.136, 194.29, 519.8, 0, 0, 0, 0
6, 1459427793593, 5, 1, 22.32, 47.354, 175.71, 464.6, 0, 0, 0, 0
7, 1459427796719, 8, 3, 22.06, 50.594, 192.86, 492.2, 0, 0, 0, 0
8, 1459427796956, 8, 1, 22.32, 47.354, 174.29, 455.4, 0, 0, 0, 0
9, 1459427797618, 9, 2, 21.99, 62.177, 194.29, 519.8, 0, 0, 0, 0
10, 1459427800698, 12, 1, 22.32, 47.354, 175.71, 455.4, 0, 0, 0, 0
11, 1459427801482, 13, 2, 22.00, 62.177, 194.29, 515.2, 0, 0, 0, 0
12, 1459427801834, 13, 3, 22.06, 50.675, 192.86, 492.2, 0, 0, 0, 0
13, 1459427805064, 17, 1, 22.32, 47.354, 170.00, 450.8, 0, 0, 0, 0
14, 1459427805348, 17, 2, 22.00, 62.136, 195.71, 524.4, 0, 0, 0, 0
15, 1459427805700, 17, 3, 22.05, 50.675, 192.86, 492.2, 0, 0, 0, 0
16, 1459427808712, 20, 2, 22.00, 62.177, 194.29, 515.2, 0, 0, 0, 0
17, 1459427808927, 20, 1, 22.32, 47.354, 177.14, 450.8, 0, 0, 0, 0
18, 1459427808956, 20, 3, 22.05, 50.635, 195.71, 496.8, 0, 0, 0, 0
19, 1459427812703, 24, 2, 22.00, 62.177, 194.29, 519.8, 0, 0, 0, 0
20, 1459427813428, 25, 3, 22.05, 50.513, 192.86, 492.2, 0, 0, 0, 0
21, 1459427813668, 25, 1, 22.31, 47.354, 174.29, 460.0, 0, 0, 0, 0
22, 1459427816941, 28, 2, 21.99, 62.177, 195.71, 519.8, 0, 0, 0, 0
23, 1459427817159, 29, 1, 22.33, 47.354, 177.14, 450.8, 0, 0, 0, 0
24, 1459427817544, 29, 3, 22.05, 50.513, 191.43, 483.0, 0, 0, 0, 0
25, 1459427820932, 32, 2, 22.00, 62.177, 194.29, 515.2, 0, 0, 0, 0
26, 1459427821033, 33, 3, 22.05, 50.432, 191.43, 492.2, 0, 0, 0, 0
27, 1459427821137, 33, 1, 22.32, 47.354, 177.14, 450.8, 0, 0, 0, 0
28, 1459427824876, 36, 1, 22.32, 47.354, 175.71, 450.8, 0, 0, 0, 0
29, 1459427825148, 37, 3, 22.04, 50.513, 194.29, 492.2, 0, 0, 0, 0
30, 1459427825671, 37, 2, 21.99, 62.177, 194.29, 515.2, 0, 0, 0, 0
31, 1459427829162, 41, 2, 22.00, 62.177, 191.43, 515.2, 0, 0, 0, 0
32, 1459427829242, 41, 1, 22.32, 47.395, 175.71, 455.4, 0, 0, 0, 0
33, 1459427829638, 41, 3, 22.04, 50.554, 192.86, 487.6, 0, 0, 0, 0
34, 1459427832731, 44, 1, 22.31, 47.354, 175.71, 455.4, 0, 0, 0, 0
35, 1459427833149, 45, 2, 22.00, 62.177, 195.71, 519.8, 0, 0, 0, 0
36, 1459427833877, 45, 3, 22.06, 50.635, 192.86, 487.6, 0, 0, 0, 0
37, 1459427837015, 49, 2, 21.99, 62.177, 194.29, 510.6, 0, 0, 0, 0
38, 1459427837470, 49, 1, 22.32, 47.354, 172.86, 450.8, 0, 0, 0, 0
39, 1459427837500, 49, 3, 22.06, 50.675, 190.00, 492.2, 0, 0, 0, 0
40, 1459427841357, 53, 3, 22.04, 50.756, 191.43, 492.2, 0, 0, 0, 0
41, 1459427841506, 53, 2, 22.01, 62.177, 194.29, 515.2, 0, 0, 0, 0
42, 1459427841835, 53, 1, 22.31, 47.354, 177.14, 450.8, 0, 0, 0, 0
43, 1459427844700, 56, 1, 22.31, 47.354, 175.71, 455.4, 0, 0, 0, 0
44, 1459427845472, 57, 3, 22.04, 50.675, 191.43, 492.2, 0, 0, 0, 0
45, 1459427845508, 57, 2, 22.00, 62.177, 195.71, 515.2, 0, 0, 0, 0
46, 1459427849337, 61, 3, 22.04, 50.715, 192.86, 487.6, 0, 0, 0, 0
47, 1459427849610, 61, 2, 22.00, 62.177, 197.14, 515.2, 0, 0, 0, 0
48, 1459427849688, 61, 1, 22.31, 47.395, 174.29, 455.4, 0, 0, 0, 0
49, 1459427852850, 64, 2, 22.00, 62.177, 194.29, 519.8, 0, 0, 0, 0
50, 1459427853202, 65, 3, 22.05, 50.715, 191.43, 483.0, 0, 0, 0, 0
51, 1459427853929, 65, 1, 22.31, 47.395, 175.71, 450.8, 0, 0, 0, 0
52, 1459427856942, 68, 3, 22.04, 50.756, 192.86, 487.6, 0, 0, 0, 0
53, 1459427856969, 68, 2, 21.99, 62.177, 192.86, 515.2, 0, 0, 0, 0
54, 1459427857545, 69, 1, 22.30, 47.395, 175.71, 450.8, 0, 0, 0, 0
55, 1459427861034, 73, 1, 22.31, 47.354, 172.86, 455.4, 0, 0, 0, 0
56, 1459427861330, 73, 2, 22.00, 62.177, 194.29, 510.6, 0, 0, 0, 0
57, 1459427861430, 73, 3, 22.05, 50.756, 191.43, 487.6, 0, 0, 0, 0
58, 1459427864947, 76, 2, 22.00, 62.177, 194.29, 510.6, 0, 0, 0, 0
59, 1459427865128, 77, 3, 22.04, 50.594, 194.29, 487.6, 0, 0, 0, 0
60, 1459427865155, 77, 1, 22.31, 47.395, 175.71, 450.8, 0, 0, 0, 0
61, 1459427868809, 80, 2, 22.00, 62.177, 195.71, 515.2, 0, 0, 0, 0
62, 1459427869037, 81, 3, 22.04, 50.756, 192.86, 487.6, 0, 0, 0, 0
63, 1459427869383, 81, 1, 22.31, 47.395, 177.14, 460.0, 0, 0, 0, 0
64, 1459427872798, 84, 2, 21.99, 62.177, 194.29, 510.6, 0, 0, 0, 0
65, 1459427873622, 85, 1, 22.31, 47.395, 175.71, 441.6, 0, 0, 0, 0
66, 1459427873660, 85, 3, 22.04, 50.918, 192.86, 487.6, 0, 0, 0, 0
67, 1459427876737, 88, 1, 22.31, 47.395, 175.71, 455.4, 0, 0, 0, 0
68, 1459427877164, 89, 2, 22.00, 62.177, 195.71, 515.2, 0, 0, 0, 0
69, 1459427877640, 89, 3, 22.03, 50.756, 191.43, 487.6, 0, 0, 0, 0
70, 1459427880852, 92, 1, 22.32, 47.395, 175.71, 455.4, 0, 0, 0, 0
71, 1459427881528, 93, 2, 22.00, 62.177, 195.71, 510.6, 0, 0, 0, 0
72, 1459427882004, 94, 3, 22.03, 50.837, 191.43, 487.6, 0, 0, 0, 0
73, 1459427884643, 96, 2, 22.00, 62.177, 195.71, 515.2, 0, 0, 0, 0
74, 1459427885495, 97, 3, 22.03, 50.756, 191.43, 496.8, 0, 0, 0, 0
75, 1459427885841, 97, 1, 22.31, 47.395, 175.71, 450.8, 0, 0, 0, 0
76, 1459427888984, 100, 3, 22.05, 50.756, 192.86, 483.0, 0, 0, 0, 0
77, 1459427889258, 101, 2, 21.99, 62.177, 192.86, 510.6, 0, 0, 0, 0
78, 1459427889331, 101, 1, 22.31, 47.395, 175.71, 450.8, 0, 0, 0, 0
79, 1459427892622, 104, 2, 22.00, 62.177, 194.29, 510.6, 0, 0, 0, 0
80, 1459427893322, 105, 1, 22.31, 47.435, 174.29, 455.4, 0, 0, 0, 0
81, 1459427893848, 105, 3, 22.03, 50.918, 191.43, 487.6, 0, 0, 0, 0
82, 1459427897060, 109, 1, 22.30, 47.395, 174.29, 455.4, 0, 0, 0, 0
83, 1459427897489, 109, 2, 21.98, 62.177, 198.57, 515.2, 0, 0, 0, 0
84, 1459427897840, 109, 3, 22.03, 50.837, 191.43, 487.6, 0, 0, 0, 0
85, 1459427901202, 113, 3, 22.04, 50.797, 191.43, 487.6, 0, 0, 0, 0
86, 1459427901477, 113, 2, 21.98, 62.177, 194.29, 510.6, 0, 0, 0, 0
87, 1459427901552, 113, 1, 22.30, 47.435, 177.14, 450.8, 0, 0, 0, 0
88, 1459427904717, 116, 2, 22.00, 62.177, 194.29, 510.6, 0, 0, 0, 0
89, 1459427905288, 117, 1, 22.30, 47.435, 175.71, 450.8, 0, 0, 0, 0
90, 1459427905446, 117, 3, 22.04, 50.918, 191.43, 487.6, 0, 0, 0, 0
91, 1459427909136, 121, 1, 22.30, 47.435, 175.71, 446.2, 0, 0, 0, 0
92, 1459427909549, 121, 3, 22.04, 50.918, 192.86, 483.0, 0, 0, 0, 0
93, 1459427909582, 121, 2, 22.00, 62.177, 194.29, 519.8, 0, 0, 0, 0
94, 1459427912913, 124, 3, 22.03, 50.918, 191.43, 487.6, 0, 0, 0, 0
95, 1459427913375, 125, 1, 22.30, 47.435, 174.29, 450.8, 0, 0, 0, 0
96, 1459427913572, 125, 2, 21.99, 62.218, 194.29, 510.6, 0, 0, 0, 0
97, 1459427916936, 128, 2, 22.00, 62.177, 194.29, 506.0, 0, 0, 0, 0
98, 1459427917153, 129, 3, 22.03, 50.837, 191.43, 487.6, 0, 0, 0, 0
99, 1459427917364, 129, 1, 22.30, 47.435, 177.14, 450.8, 0, 0, 0, 0
100, 1459427921228, 133, 1, 22.30, 47.435, 175.71, 455.4, 0, 0, 0, 0
101, 1459427921553, 133, 2, 21.99, 62.177, 191.43, 515.2, 0, 0, 0, 0
102, 1459427921642, 133, 3, 22.03, 50.756, 194.29, 487.6, 0, 0, 0, 0
103, 1459427924757, 136, 3, 22.03, 50.554, 190.00, 487.6, 0, 0, 0, 0
104, 1459427925095, 137, 1, 22.30, 47.435, 177.14, 446.2, 0, 0, 0, 0
105, 1459427925540, 137, 2, 21.99, 62.218, 194.29, 510.6, 0, 0, 0, 0
106, 1459427929247, 141, 3, 22.04, 50.594, 194.29, 487.6, 0, 0, 0, 0
107, 1459427929281, 141, 2, 21.99, 62.218, 194.29, 510.6, 0, 0, 0, 0
108, 1459427929583, 141, 1, 22.30, 47.435, 175.71, 455.4, 0, 0, 0, 0
109, 1459427932824, 144, 1, 22.30, 47.435, 172.86, 450.8, 0, 0, 0, 0
110, 1459427933395, 145, 2, 21.99, 62.218, 195.71, 515.2, 0, 0, 0, 0
111, 1459427933737, 145, 3, 22.04, 50.837, 192.86, 492.2, 0, 0, 0, 0
112, 1459427936640, 148, 2, 22.00, 62.218, 195.71, 515.2, 0, 0, 0, 0
113, 1459427937063, 149, 1, 22.30, 47.435, 177.14, 432.4, 0, 0, 0, 0
114, 1459427937227, 149, 3, 22.04, 50.959, 192.86, 487.6, 0, 0, 0, 0
115, 1459427940878, 152, 2, 21.98, 62.218, 194.29, 515.2, 0, 0, 0, 0
116, 1459427941467, 153, 3, 22.04, 50.675, 192.86, 492.2, 0, 0, 0, 0
117, 1459427941803, 153, 1, 22.29, 47.435, 175.71, 455.4, 0, 0, 0, 0
118, 1459427944708, 156, 3, 22.03, 50.513, 191.43, 492.2, 0, 0, 0, 0
119, 1459427945368, 157, 2, 22.00, 62.218, 194.29, 515.2, 0, 0, 0, 0
120, 1459427945667, 157, 1, 22.29, 47.435, 175.71, 455.4, 0, 0, 0, 0
121, 1459427948857, 160, 2, 22.00, 62.177, 194.29, 515.2, 0, 0, 0, 0
122, 1459427949283, 161, 1, 22.29, 47.435, 177.14, 441.6, 0, 0, 0, 0
123, 1459427949821, 161, 3, 22.04, 50.472, 192.86, 487.6, 0, 0, 0, 0
124, 1459427953273, 165, 1, 22.30, 47.435, 178.57, 455.4, 0, 0, 0, 0
125, 1459427953598, 165, 2, 22.00, 62.218, 195.71, 524.4, 0, 0, 0, 0
126, 1459427953686, 165, 3, 22.04, 50.715, 192.86, 492.2, 0, 0, 0, 0
127, 1459427957088, 169, 2, 21.98, 62.177, 194.29, 515.2, 0, 0, 0, 0
128, 1459427957388, 169, 1, 22.30, 47.435, 177.14, 455.4, 0, 0, 0, 0
129, 1459427957426, 169, 3, 22.04, 50.756, 194.29, 492.2, 0, 0, 0, 0
130, 1459427961081, 173, 2, 22.00, 62.177, 194.29, 515.2, 0, 0, 0, 0
131, 1459427961377, 173, 1, 22.30, 47.435, 177.14, 455.4, 0, 0, 0, 0
132, 1459427961408, 173, 3, 22.04, 50.756, 192.86, 496.8, 0, 0, 0, 0
133, 1459427964694, 176, 2, 22.00, 62.177, 192.86, 519.8, 0, 0, 0, 0
134, 1459427965120, 177, 1, 22.30, 47.435, 177.14, 455.4, 0, 0, 0, 0
135, 1459427965189, 177, 3, 22.03, 50.675, 194.29, 492.2, 0, 0, 0, 0
136, 1459427969071, 181, 2, 21.99, 62.218, 194.29, 510.6, 0, 0, 0, 0
137, 1459427969501, 181, 3, 22.04, 50.675, 192.86, 492.2, 0, 0, 0, 0
138, 1459427969612, 181, 1, 22.30, 47.435, 175.71, 455.4, 0, 0, 0, 0
139, 1459427972846, 184, 1, 22.30, 47.435, 177.14, 455.4, 0, 0, 0, 0
140, 1459427973174, 185, 2, 21.98, 62.218, 194.29, 519.8, 0, 0, 0, 0
141, 1459427973242, 185, 3, 22.03, 50.756, 191.43, 496.8, 0, 0, 0, 0
142, 1459427977229, 189, 3, 22.04, 50.756, 194.29, 492.2, 0, 0, 0, 0
143, 1459427977415, 189, 2, 21.98, 62.218, 195.71, 515.2, 0, 0, 0, 0
144, 1459427977836, 189, 1, 22.30, 47.435, 172.86, 460.0, 0, 0, 0, 0
145, 1459427980843, 192, 3, 22.04, 50.756, 192.86, 496.8, 0, 0, 0, 0
146, 1459427981580, 193, 1, 22.30, 47.435, 177.14, 455.4, 0, 0, 0, 0
147, 1459427981780, 193, 2, 21.97, 62.218, 194.29, 519.8, 0, 0, 0, 0
148, 1459427984959, 196, 3, 22.03, 50.837, 192.86, 492.2, 0, 0, 0, 0
149, 1459427985194, 197, 1, 22.29, 47.435, 178.57, 460.0, 0, 0, 0, 0
150, 1459427985277, 197, 2, 21.98, 62.218, 195.71, 524.4, 0, 0, 0, 0
151, 1459427988683, 200, 1, 22.29, 47.435, 178.57, 460.0, 0, 0, 0, 0
152, 1459427988824, 200, 3, 22.02, 50.756, 194.29, 496.8, 0, 0, 0, 0
153, 1459427989124, 201, 2, 21.98, 62.218, 194.29, 515.2, 0, 0, 0, 0
154, 1459427992867, 204, 2, 21.99, 62.218, 194.29, 519.8, 0, 0, 0, 0
155, 1459427993440, 205, 3, 22.04, 50.715, 192.86, 496.8, 0, 0, 0, 0
156, 1459427993547, 205, 1, 22.29, 47.435, 175.71, 455.4, 0, 0, 0, 0
157, 1459427996983, 208, 2, 21.98, 62.218, 195.71, 519.8, 0, 0, 0, 0
158, 1459427997040, 209, 1, 22.30, 47.435, 174.29, 450.8, 0, 0, 0, 0
159, 1459427997304, 209, 3, 22.04, 50.715, 192.86, 496.8, 0, 0, 0, 0
160, 1459428001044, 213, 3, 22.04, 50.675, 192.86, 496.8, 0, 0, 0, 0
161, 1459428001404, 213, 1, 22.29, 47.435, 180.00, 464.6, 0, 0, 0, 0
162, 1459428001470, 213, 2, 21.98, 62.177, 194.29, 519.8, 0, 0, 0, 0
163, 1459428004784, 216, 3, 22.03, 50.594, 192.86, 496.8, 0, 0, 0, 0
164, 1459428005144, 217, 1, 22.28, 47.435, 174.29, 455.4, 0, 0, 0, 0
165, 1459428005333, 217, 2, 21.99, 62.218, 192.86, 519.8, 0, 0, 0, 0
166, 1459428008956, 220, 2, 21.99, 62.218, 192.86, 529.0, 0, 0, 0, 0
167, 1459428009010, 221, 1, 22.29, 47.435, 175.71, 460.0, 0, 0, 0, 0
168, 1459428009274, 221, 3, 22.04, 50.513, 192.86, 496.8, 0, 0, 0, 0
169, 1459428013013, 225, 3, 22.04, 50.635, 192.86, 496.8, 0, 0, 0, 0
170, 1459428013063, 225, 2, 21.98, 62.218, 195.71, 524.4, 0, 0, 0, 0
171, 1459428013240, 225, 1, 22.30, 47.435, 175.71, 460.0, 0, 0, 0, 0
172, 1459428016803, 228, 2, 21.98, 62.218, 195.71, 524.4, 0, 0, 0, 0
173, 1459428017377, 229, 3, 22.04, 50.756, 191.43, 496.8, 0, 0, 0, 0
174, 1459428017603, 229, 1, 22.28, 47.435, 178.57, 469.2, 0, 0, 0, 0
175, 1459428021246, 233, 3, 22.03, 50.837, 192.86, 496.8, 0, 0, 0, 0
176, 1459428021543, 233, 2, 21.98, 62.218, 194.29, 519.8, 0, 0, 0, 0
177, 1459428021592, 233, 1, 22.29, 47.435, 175.71, 460.0, 0, 0, 0, 0
178, 1459428025032, 237, 2, 21.99, 62.218, 191.43, 529.0, 0, 0, 0, 0
179, 1459428025233, 237, 3, 22.04, 50.756, 192.86, 501.4, 0, 0, 0, 0
180, 1459428025832, 237, 1, 22.28, 47.435, 178.57, 464.6, 0, 0, 0, 0
181, 1459428028771, 240, 2, 21.99, 62.218, 194.29, 524.4, 0, 0, 0, 0
182, 1459428028822, 240, 1, 22.28, 47.475, 175.71, 464.6, 0, 0, 0, 0
183, 1459428029098, 241, 3, 22.03, 50.756, 192.86, 501.4, 0, 0, 0, 0
184, 1459428033386, 245, 2, 21.99, 62.218, 194.29, 529.0, 0, 0, 0, 0
185, 1459428033712, 245, 3, 22.02, 50.675, 192.86, 483.0, 0, 0, 0, 0
186, 1459428033817, 245, 1, 22.28, 47.475, 175.71, 460.0, 0, 0, 0, 0
187, 1459428037126, 249, 2, 21.98, 62.218, 194.29, 524.4, 0, 0, 0, 0
188, 1459428037176, 249, 1, 22.28, 47.475, 175.71, 460.0, 0, 0, 0, 0
189, 1459428037578, 249, 3, 22.02, 50.554, 192.86, 501.4, 0, 0, 0, 0
190, 1459428040791, 252, 1, 22.28, 47.435, 175.71, 460.0, 0, 0, 0, 0
191, 1459428041491, 253, 2, 21.99, 62.218, 198.57, 524.4, 0, 0, 0, 0
192, 1459428041691, 253, 3, 22.03, 50.472, 194.29, 496.8, 0, 0, 0, 0
193, 1459428044806, 256, 3, 22.03, 50.472, 191.43, 501.4, 0, 0, 0, 0
194, 1459428045157, 257, 1, 22.29, 47.475, 175.71, 464.6, 0, 0, 0, 0
195, 1459428045357, 257, 2, 21.99, 62.218, 197.14, 529.0, 0, 0, 0, 0
196, 1459428048895, 260, 1, 22.28, 47.475, 175.71, 460.0, 0, 0, 0, 0
197, 1459428049595, 261, 2, 21.98, 62.218, 195.71, 529.0, 0, 0, 0, 0
198, 1459428049672, 261, 3, 22.03, 50.513, 197.14, 501.4, 0, 0, 0, 0
199, 1459428053136, 265, 1, 22.28, 47.475, 180.00, 464.6, 0, 0, 0, 0
200, 1459428053166, 265, 3, 22.04, 50.594, 194.29, 501.4, 0, 0, 0, 0
201, 1459428053210, 265, 2, 21.98, 62.218, 195.71, 533.6, 0, 0, 0, 0
202, 1459428057390, 269, 3, 22.03, 50.513, 195.71, 496.8, 0, 0, 0, 0
203, 1459428057500, 269, 1, 22.28, 47.475, 174.29, 460.0, 0, 0, 0, 0
204, 1459428057566, 269, 2, 21.96, 62.218, 195.71, 529.0, 0, 0, 0, 0
205, 1459428061244, 273, 1, 22.29, 47.475, 175.71, 464.6, 0, 0, 0, 0
206, 1459428061382, 273, 3, 22.03, 50.715, 194.29, 501.4, 0, 0, 0, 0
207, 1459428061680, 273, 2, 21.97, 62.218, 195.71, 529.0, 0, 0, 0, 0
208, 1459428065105, 277, 1, 22.28, 47.475, 180.00, 464.6, 0, 0, 0, 0
209, 1459428065296, 277, 2, 21.98, 62.218, 194.29, 524.4, 0, 0, 0, 0
210, 1459428065496, 277, 3, 22.02, 50.797, 194.29, 501.4, 0, 0, 0, 0
211, 1459428069112, 281, 3, 22.02, 50.797, 192.86, 501.4, 0, 0, 0, 0
212, 1459428069349, 281, 1, 22.28, 47.435, 175.71, 464.6, 0, 0, 0, 0
213, 1459428069659, 281, 2, 21.97, 62.218, 195.71, 529.0, 0, 0, 0, 0
214, 1459428073148, 285, 2, 21.98, 62.218, 195.71, 529.0, 0, 0, 0, 0
215, 1459428073336, 285, 1, 22.28, 47.475, 177.14, 464.6, 0, 0, 0, 0
216, 1459428073599, 285, 3, 22.03, 50.594, 194.29, 506.0, 0, 0, 0, 0
217, 1459428076839, 288, 3, 22.03, 50.513, 192.86, 501.4, 0, 0, 0, 0
218, 1459428077328, 289, 1, 22.29, 47.475, 177.14, 464.6, 0, 0, 0, 0
219, 1459428077648, 289, 2, 21.99, 62.218, 194.29, 524.4, 0, 0, 0, 0
220, 1459428080631, 292, 2, 21.99, 62.218, 195.71, 529.0, 0, 0, 0, 0
221, 1459428081066, 293, 1, 22.29, 47.475, 178.57, 464.6, 0, 0, 0, 0
222, 1459428081579, 293, 3, 22.03, 50.594, 192.86, 501.4, 0, 0, 0, 0
223, 1459428084872, 296, 2, 21.98, 62.218, 197.14, 529.0, 0, 0, 0, 0
224, 1459428085306, 297, 1, 22.28, 47.475, 178.57, 464.6, 0, 0, 0, 0
225, 1459428085445, 297, 3, 22.03, 50.513, 194.29, 501.4, 0, 0, 0, 0
226, 1459428088672, 300, 1, 22.28, 47.475, 177.14, 460.0, 0, 0, 0, 0
227, 1459428088702, 300, 3, 22.04, 50.513, 192.86, 501.4, 0, 0, 0, 0
228, 1459428089362, 301, 2, 21.98, 62.218, 197.14, 529.0, 0, 0, 0, 0
229, 1459428093049, 305, 3, 22.03, 50.756, 194.29, 506.0, 0, 0, 0, 0
230, 1459428093661, 305, 1, 22.28, 47.475, 175.71, 460.0, 0, 0, 0, 0
231, 1459428093726, 305, 2, 21.97, 62.218, 195.71, 529.0, 0, 0, 0, 0
232, 1459428096788, 308, 3, 22.03, 50.797, 194.29, 501.4, 0, 0, 0, 0
233, 1459428096900, 308, 1, 22.28, 47.475, 178.57, 464.6, 0, 0, 0, 0
234, 1459428097592, 309, 2, 21.98, 62.258, 195.71, 529.0, 0, 0, 0, 0
235, 1459428100891, 312, 1, 22.28, 47.475, 180.00, 464.6, 0, 0, 0, 0
236, 1459428101080, 313, 2, 21.97, 62.218, 195.71, 529.0, 0, 0, 0, 0
237, 1459428101404, 313, 3, 22.03, 50.837, 192.86, 506.0, 0, 0, 0, 0
238, 1459428104894, 316, 3, 22.02, 50.877, 194.29, 501.4, 0, 0, 0, 0
239, 1459428105075, 317, 2, 21.99, 62.218, 195.71, 529.0, 0, 0, 0, 0
240, 1459428105131, 317, 1, 22.28, 47.475, 174.29, 460.0, 0, 0, 0, 0
241, 1459428108690, 320, 2, 21.99, 62.218, 197.14, 529.0, 0, 0, 0, 0
242, 1459428109622, 321, 1, 22.28, 47.516, 180.00, 469.2, 0, 0, 0, 0
243, 1459428109650, 321, 3, 22.03, 50.756, 194.29, 506.0, 0, 0, 0, 0
244, 1459428112734, 324, 1, 22.28, 47.475, 174.29, 464.6, 0, 0, 0, 0
245, 1459428113248, 325, 3, 22.03, 50.756, 194.29, 496.8, 0, 0, 0, 0
246, 1459428113314, 325, 2, 21.98, 62.218, 195.71, 533.6, 0, 0, 0, 0
247, 1459428117224, 329, 1, 22.27, 47.435, 177.14, 464.6, 0, 0, 0, 0
248, 1459428117416, 329, 2, 21.98, 62.218, 195.71, 529.0, 0, 0, 0, 0
249, 1459428117615, 329, 3, 22.02, 50.877, 194.29, 501.4, 0, 0, 0, 0
250, 1459428121228, 333, 3, 22.03, 50.837, 194.29, 506.0, 0, 0, 0, 0
251, 1459428121590, 333, 1, 22.27, 47.475, 175.71, 460.0, 0, 0, 0, 0
252, 1459428121782, 333, 2, 21.97, 62.218, 197.14, 529.0, 0, 0, 0, 0
253, 1459428124703, 336, 1, 22.28, 47.435, 177.14, 460.0, 0, 0, 0, 0
254, 1459428125468, 337, 3, 22.02, 50.756, 192.86, 506.0, 0, 0, 0, 0
255, 1459428125648, 337, 2, 21.98, 62.218, 195.71, 529.0, 0, 0, 0, 0
256, 1459428129013, 341, 2, 21.98, 62.218, 192.86, 524.4, 0, 0, 0, 0
257, 1459428129332, 341, 3, 22.02, 50.675, 194.29, 501.4, 0, 0, 0, 0
258, 1459428129696, 341, 1, 22.28, 47.435, 175.71, 464.6, 0, 0, 0, 0
259, 1459428132808, 344, 1, 22.28, 47.435, 180.00, 464.6, 0, 0, 0, 0
260, 1459428133252, 345, 2, 21.98, 62.218, 198.57, 529.0, 0, 0, 0, 0
261, 1459428133446, 345, 3, 22.02, 50.635, 194.29, 501.4, 0, 0, 0, 0
262, 1459428136743, 348, 2, 21.98, 62.218, 195.71, 529.0, 0, 0, 0, 0
263, 1459428136817, 348, 3, 22.02, 50.513, 194.29, 501.4, 0, 0, 0, 0
264, 1459428137675, 349, 1, 22.27, 47.475, 175.71, 464.6, 0, 0, 0, 0
265, 1459428140980, 352, 2, 21.99, 62.218, 195.71, 533.6, 0, 0, 0, 0
266, 1459428141177, 353, 3, 22.03, 50.594, 194.29, 506.0, 0, 0, 0, 0
267, 1459428141790, 353, 1, 22.28, 47.475, 175.71, 460.0, 0, 0, 0, 0
268, 1459428145405, 357, 1, 22.26, 47.475, 177.14, 464.6, 0, 0, 0, 0
269, 1459428145473, 357, 2, 21.98, 62.218, 195.71, 529.0, 0, 0, 0, 0
270, 1459428145791, 357, 3, 22.02, 50.472, 194.29, 501.4, 0, 0, 0, 0
271, 1459428149076, 361, 2, 21.98, 62.218, 197.14, 529.0, 0, 0, 0, 0
272, 1459428149156, 361, 3, 22.02, 50.513, 192.86, 506.0, 0, 0, 0, 0
273, 1459428149521, 361, 1, 22.27, 47.516, 172.86, 464.6, 0, 0, 0, 0
274, 1459428152776, 364, 3, 22.04, 50.635, 194.29, 501.4, 0, 0, 0, 0
275, 1459428152815, 364, 2, 21.98, 62.218, 195.71, 524.4, 0, 0, 0, 0
276, 1459428153010, 365, 1, 22.27, 47.475, 175.71, 460.0, 0, 0, 0, 0
277, 1459428156887, 368, 3, 22.04, 50.554, 191.43, 501.4, 0, 0, 0, 0
278, 1459428157046, 369, 2, 21.98, 62.218, 195.71, 529.0, 0, 0, 0, 0
279, 1459428157240, 369, 1, 22.27, 47.475, 175.71, 464.6, 0, 0, 0, 0
280, 1459428160786, 372, 2, 21.97, 62.258, 192.86, 524.4, 0, 0, 0, 0
281, 1459428161125, 373, 3, 22.02, 50.472, 194.29, 501.4, 0, 0, 0, 0
282, 1459428161228, 373, 1, 22.27, 47.475, 177.14, 464.6, 0, 0, 0, 0
283, 1459428165025, 377, 2, 21.98, 62.218, 194.29, 529.0, 0, 0, 0, 0
284, 1459428165218, 377, 1, 22.26, 47.516, 177.14, 469.2, 0, 0, 0, 0
285, 1459428165248, 377, 3, 22.03, 50.432, 192.86, 501.4, 0, 0, 0, 0
286, 1459428168833, 380, 1, 22.27, 47.475, 174.29, 460.0, 0, 0, 0, 0
287, 1459428169016, 381, 2, 21.99, 62.258, 195.71, 519.8, 0, 0, 0, 0
288, 1459428169480, 381, 3, 22.02, 50.513, 194.29, 496.8, 0, 0, 0, 0
289, 1459428173073, 385, 1, 22.27, 47.516, 175.71, 460.0, 0, 0, 0, 0
290, 1459428173380, 385, 2, 21.99, 62.218, 195.71, 533.6, 0, 0, 0, 0
291, 1459428173847, 385, 3, 22.03, 50.594, 194.29, 501.4, 0, 0, 0, 0
292, 1459428177244, 389, 2, 21.98, 62.218, 194.29, 519.8, 0, 0, 0, 0
293, 1459428177317, 389, 1, 22.26, 47.516, 177.14, 460.0, 0, 0, 0, 0
294, 1459428177345, 389, 3, 22.01, 50.594, 194.29, 501.4, 0, 0, 0, 0
295, 1459428180609, 392, 2, 21.97, 62.218, 192.86, 524.4, 0, 0, 0, 0
296, 1459428180942, 392, 3, 22.02, 50.635, 192.86, 515.2, 0, 0, 0, 0
297, 1459428181554, 393, 1, 22.27, 47.516, 175.71, 460.0, 0, 0, 0, 0
298, 1459428184849, 396, 2, 21.98, 62.218, 194.29, 524.4, 0, 0, 0, 0
299, 1459428185042, 397, 1, 22.26, 47.516, 172.86, 460.0, 0, 0, 0, 0
300, 1459428185430, 397, 3, 22.02, 50.675, 192.86, 501.4, 0, 0, 0, 0
301, 1459428189045, 401, 3, 22.02, 50.554, 194.29, 506.0, 0, 0, 0, 0
302, 1459428189216, 401, 2, 21.96, 62.258, 195.71, 524.4, 0, 0, 0, 0
303, 1459428189408, 401, 1, 22.26, 47.516, 175.71, 460.0, 0, 0, 0, 0
304, 1459428192580, 404, 2, 21.97, 62.258, 195.71, 529.0, 0, 0, 0, 0
305, 1459428192774, 404, 1, 22.27, 47.516, 178.57, 460.0, 0, 0, 0, 0
306, 1459428193036, 405, 3, 22.03, 50.594, 192.86, 492.2, 0, 0, 0, 0
307, 1459428197137, 409, 1, 22.26, 47.516, 177.14, 460.0, 0, 0, 0, 0
308, 1459428197319, 409, 2, 21.97, 62.258, 194.29, 519.8, 0, 0, 0, 0
309, 1459428197526, 409, 3, 22.02, 50.675, 192.86, 501.4, 0, 0, 0, 0
310, 1459428200683, 412, 2, 21.98, 62.258, 195.71, 524.4, 0, 0, 0, 0
311, 1459428201015, 413, 3, 22.02, 50.675, 194.29, 501.4, 0, 0, 0, 0
312, 1459428201627, 413, 1, 22.26, 47.516, 177.14, 460.0, 0, 0, 0, 0
313, 1459428205005, 417, 3, 22.02, 50.635, 192.86, 501.4, 0, 0, 0, 0
314, 1459428205548, 417, 2, 21.98, 62.258, 195.71, 529.0, 0, 0, 0, 0
315, 1459428205616, 417, 1, 22.27, 47.516, 174.29, 455.4, 0, 0, 0, 0
316, 1459428208745, 420, 3, 22.02, 50.715, 194.29, 496.8, 0, 0, 0, 0
317, 1459428208913, 420, 2, 21.97, 62.258, 194.29, 510.6, 0, 0, 0, 0
318, 1459428209607, 421, 1, 22.26, 47.516, 177.14, 460.0, 0, 0, 0, 0
319, 1459428213030, 425, 2, 21.97, 62.258, 194.29, 519.8, 0, 0, 0, 0
320, 1459428213359, 425, 3, 22.02, 50.756, 192.86, 496.8, 0, 0, 0, 0
321, 1459428213596, 425, 1, 22.26, 47.516, 175.71, 460.0, 0, 0, 0, 0
322, 1459428217086, 429, 1, 22.26, 47.516, 175.71, 460.0, 0, 0, 0, 0
323, 1459428217116, 429, 3, 22.02, 50.675, 194.29, 501.4, 0, 0, 0, 0
324, 1459428217394, 429, 2, 21.96, 62.258, 194.29, 515.2, 0, 0, 0, 0
325, 1459428220827, 432, 1, 22.26, 47.516, 175.71, 460.0, 0, 0, 0, 0
326, 1459428221007, 433, 2, 21.97, 62.258, 194.29, 519.8, 0, 0, 0, 0
327, 1459428221589, 433, 3, 22.02, 50.756, 191.43, 501.4, 0, 0, 0, 0
328, 1459428225372, 437, 2, 21.97, 62.218, 194.29, 519.8, 0, 0, 0, 0
329, 1459428225566, 437, 1, 22.25, 47.516, 175.71, 455.4, 0, 0, 0, 0
330, 1459428225594, 437, 3, 22.02, 50.594, 194.29, 496.8, 0, 0, 0, 0
331, 1459428228695, 440, 3, 22.01, 50.675, 192.86, 501.4, 0, 0, 0, 0
332, 1459428229613, 441, 2, 21.98, 62.258, 195.71, 519.8, 0, 0, 0, 0
333, 1459428229684, 441, 1, 22.25, 47.516, 177.14, 460.0, 0, 0, 0, 0
334, 1459428233041, 445, 1, 22.26, 47.516, 175.71, 460.0, 0, 0, 0, 0
335, 1459428233308, 445, 3, 22.01, 50.675, 194.29, 496.8, 0, 0, 0, 0
336, 1459428233352, 445, 2, 21.97, 62.218, 192.86, 519.8, 0, 0, 0, 0
337, 1459428236899, 448, 1, 22.25, 47.516, 175.71, 455.4, 0, 0, 0, 0
338, 1459428237093, 449, 2, 21.97, 62.258, 194.29, 515.2, 0, 0, 0, 0
339, 1459428237923, 449, 3, 22.02, 50.635, 191.43, 501.4, 0, 0, 0, 0
340, 1459428241015, 453, 1, 22.25, 47.516, 177.14, 455.4, 0, 0, 0, 0
341, 1459428241457, 453, 2, 21.97, 62.258, 194.29, 519.8, 0, 0, 0, 0
342, 1459428241542, 453, 3, 22.00, 50.594, 192.86, 501.4, 0, 0, 0, 0
343, 1459428245254, 457, 1, 22.26, 47.516, 175.71, 455.4, 0, 0, 0, 0
344, 1459428245321, 457, 2, 21.98, 62.258, 194.29, 515.2, 0, 0, 0, 0
345, 1459428245654, 457, 3, 22.02, 50.594, 192.86, 496.8, 0, 0, 0, 0
346, 1459428248936, 460, 2, 21.96, 62.258, 194.29, 519.8, 0, 0, 0, 0
347, 1459428249142, 461, 3, 22.02, 50.513, 190.00, 501.4, 0, 0, 0, 0
348, 1459428250120, 462, 1, 22.25, 47.516, 175.71, 455.4, 0, 0, 0, 0
349, 1459428253110, 465, 1, 22.25, 47.516, 175.71, 460.0, 0, 0, 0, 0
350, 1459428253148, 465, 3, 22.02, 50.594, 192.86, 496.8, 0, 0, 0, 0
351, 1459428253302, 465, 2, 21.96, 62.258, 194.29, 524.4, 0, 0, 0, 0
352, 1459428256666, 468, 2, 21.98, 62.258, 194.29, 519.8, 0, 0, 0, 0
353, 1459428256998, 469, 3, 22.01, 50.675, 191.43, 496.8, 0, 0, 0, 0
354, 1459428257598, 469, 1, 22.25, 47.516, 177.14, 455.4, 0, 0, 0, 0
355, 1459428260713, 472, 1, 22.25, 47.516, 177.14, 455.4, 0, 0, 0, 0
356, 1459428260861, 472, 3, 22.02, 50.675, 194.29, 496.8, 0, 0, 0, 0
357, 1459428261156, 473, 2, 21.96, 62.258, 195.71, 524.4, 0, 0, 0, 0
358, 1459428264895, 476, 2, 21.98, 62.258, 192.86, 519.8, 0, 0, 0, 0
359, 1459428265204, 477, 1, 22.26, 47.516, 175.71, 460.0, 0, 0, 0, 0
360, 1459428265351, 477, 3, 22.02, 50.513, 192.86, 501.4, 0, 0, 0, 0
361, 1459428268885, 480, 2, 21.97, 62.258, 194.29, 519.8, 0, 0, 0, 0
362, 1459428269703, 481, 1, 22.25, 47.516, 177.14, 460.0, 0, 0, 0, 0
363, 1459428269966, 481, 3, 22.02, 50.472, 192.86, 501.4, 0, 0, 0, 0
364, 1459428273251, 485, 2, 21.96, 62.258, 194.29, 510.6, 0, 0, 0, 0
365, 1459428273684, 485, 1, 22.25, 47.516, 175.71, 450.8, 0, 0, 0, 0
366, 1459428273832, 485, 3, 22.02, 50.635, 195.71, 496.8, 0, 0, 0, 0
367, 1459428276798, 488, 1, 22.26, 47.516, 178.57, 460.0, 0, 0, 0, 0
368, 1459428277365, 489, 2, 21.96, 62.258, 194.29, 519.8, 0, 0, 0, 0
369, 1459428277571, 489, 3, 22.02, 50.675, 192.86, 501.4, 0, 0, 0, 0
370, 1459428281104, 493, 2, 21.97, 62.258, 194.29, 515.2, 0, 0, 0, 0
371, 1459428281560, 493, 3, 22.01, 50.554, 192.86, 496.8, 0, 0, 0, 0
372, 1459428281809, 493, 1, 22.24, 47.557, 174.29, 450.8, 0, 0, 0, 0
373, 1459428284719, 496, 2, 21.97, 62.258, 194.29, 519.8, 0, 0, 0, 0
374, 1459428285426, 497, 3, 22.02, 50.594, 194.29, 501.4, 0, 0, 0, 0
375, 1459428285530, 497, 1, 22.25, 47.516, 174.29, 455.4, 0, 0, 0, 0
376, 1459428288893, 500, 1, 22.25, 47.557, 180.00, 464.6, 0, 0, 0, 0
377, 1459428289414, 501, 3, 22.01, 50.756, 192.86, 501.4, 0, 0, 0, 0
378, 1459428289458, 501, 2, 21.95, 62.258, 194.29, 519.8, 0, 0, 0, 0
379, 1459428293406, 505, 3, 22.01, 50.715, 190.00, 506.0, 0, 0, 0, 0
380, 1459428293508, 505, 1, 22.24, 47.557, 175.71, 460.0, 0, 0, 0, 0
381, 1459428293700, 505, 2, 21.97, 62.258, 194.29, 519.8, 0, 0, 0, 0
382, 1459428296815, 508, 2, 21.96, 62.258, 192.86, 529.0, 0, 0, 0, 0
383, 1459428297497, 509, 1, 22.24, 47.557, 177.14, 441.6, 0, 0, 0, 0
384, 1459428297647, 509, 3, 22.01, 50.756, 192.86, 496.8, 0, 0, 0, 0
385, 1459428300987, 513, 1, 22.25, 47.557, 174.29, 460.0, 0, 0, 0, 0
386, 1459428301134, 513, 3, 22.02, 50.756, 195.71, 496.8, 0, 0, 0, 0
387, 1459428301304, 513, 2, 21.97, 62.258, 195.71, 524.4, 0, 0, 0, 0
388, 1459428304669, 516, 2, 21.97, 62.258, 191.43, 519.8, 0, 0, 0, 0
389, 1459428305250, 517, 3, 22.01, 50.837, 195.71, 501.4, 0, 0, 0, 0
390, 1459428305353, 517, 1, 22.24, 47.557, 174.29, 455.4, 0, 0, 0, 0
391, 1459428308739, 520, 3, 22.01, 50.797, 192.86, 510.6, 0, 0, 0, 0
392, 1459428309219, 521, 1, 22.24, 47.557, 177.14, 460.0, 0, 0, 0, 0
393, 1459428309282, 521, 2, 21.97, 62.258, 194.29, 515.2, 0, 0, 0, 0
394, 1459428313016, 525, 2, 21.98, 62.298, 194.29, 519.8, 0, 0, 0, 0
395, 1459428313334, 525, 1, 22.24, 47.516, 177.14, 464.6, 0, 0, 0, 0
396, 1459428313604, 525, 3, 22.01, 50.675, 192.86, 492.2, 0, 0, 0, 0
397, 1459428316753, 528, 2, 21.96, 62.258, 195.71, 524.4, 0, 0, 0, 0
398, 1459428317074, 529, 1, 22.24, 47.516, 178.57, 460.0, 0, 0, 0, 0
399, 1459428317218, 529, 3, 22.00, 50.715, 194.29, 496.8, 0, 0, 0, 0
400, 1459428320992, 533, 2, 21.97, 62.258, 195.71, 524.4, 0, 0, 0, 0
401, 1459428321334, 533, 3, 22.01, 50.756, 192.86, 501.4, 0, 0, 0, 0
402, 1459428324810, 536, 1, 22.24, 47.516, 177.14, 446.2, 0, 0, 0, 0
403, 1459428325301, 537, 1, 22.23, 47.557, 174.29, 460.0, 0, 0, 0, 0
404, 1459428325329, 537, 3, 22.01, 50.959, 192.86, 496.8, 0, 0, 0, 0
405, 1459428325481, 537, 2, 21.97, 62.258, 195.71, 529.0, 0, 0, 0, 0
406, 1459428328721, 540, 2, 21.95, 62.258, 194.29, 519.8, 0, 0, 0, 0
407, 1459428329039, 541, 1, 22.23, 47.557, 175.71, 460.0, 0, 0, 0, 0
408, 1459428329191, 541, 3, 22.01, 50.959, 194.29, 496.8, 0, 0, 0, 0
409, 1459428332780, 544, 1, 22.24, 47.516, 177.14, 455.4, 0, 0, 0, 0
410, 1459428333056, 545, 3, 22.01, 50.877, 192.86, 501.4, 0, 0, 0, 0
411, 1459428333468, 545, 2, 21.95, 62.258, 194.29, 519.8, 0, 0, 0, 0
412, 1459428336832, 548, 2, 21.97, 62.258, 194.29, 524.4, 0, 0, 0, 0
413, 1459428336895, 548, 1, 22.25, 47.557, 177.14, 464.6, 0, 0, 0, 0
414, 1459428336936, 548, 3, 22.00, 50.756, 191.43, 501.4, 0, 0, 0, 0
415, 1459428340941, 552, 2, 21.96, 62.258, 195.71, 524.4, 0, 0, 0, 0
416, 1459428341125, 553, 1, 22.24, 47.557, 177.14, 455.4, 0, 0, 0, 0
417, 1459428341155, 553, 3, 22.00, 50.715, 192.86, 501.4, 0, 0, 0, 0
418, 1459428345056, 557, 2, 21.97, 62.258, 195.71, 529.0, 0, 0, 0, 0
419, 1459428345114, 557, 1, 22.24, 47.557, 177.14, 455.4, 0, 0, 0, 0
420, 1459428345516, 557, 3, 22.01, 50.797, 194.29, 501.4, 0, 0, 0, 0
421, 1459428348546, 560, 2, 21.98, 62.258, 198.57, 529.0, 0, 0, 0, 0
422, 1459428348880, 560, 3, 22.01, 50.797, 185.71, 496.8, 0, 0, 0, 0
423, 1459428349354, 561, 1, 22.24, 47.557, 178.57, 460.0, 0, 0, 0, 0
424, 1459428353218, 565, 1, 22.23, 47.557, 175.71, 455.4, 2, 0, 0, 0
425, 1459428353287, 565, 2, 21.96, 62.258, 194.29, 519.8, 2, 0, 0, 0
426, 1459428353495, 565, 3, 22.01, 50.715, 194.29, 501.4, 2, 0, 0, 0
427, 1459428357234, 569, 3, 22.00, 50.715, 194.29, 501.4, 2, 0, 0, 0
428, 1459428357333, 569, 1, 22.24, 47.557, 174.29, 464.6, 2, 0, 0, 0
429, 1459428357524, 569, 2, 21.96, 62.258, 194.29, 519.8, 2, 0, 0, 0
430, 1459428360972, 572, 3, 22.01, 50.837, 192.86, 501.4, 2, 1, 0, 0
431, 1459428361322, 573, 1, 22.24, 47.557, 174.29, 455.4, 2, 1, 0, 0
432, 1459428361496, 573, 2, 21.98, 62.258, 197.14, 524.4, 2, 1, 0, 0
433, 1459428364962, 576, 3, 22.01, 50.756, 194.29, 501.4, 2, 1, 0, 0
434, 1459428364997, 577, 2, 21.96, 62.258, 194.29, 519.8, 2, 1, 0, 0
435, 1459428365062, 577, 1, 22.24, 47.557, 177.14, 464.6, 2, 1, 0, 0
436, 1459428368951, 580, 3, 22.02, 50.715, 192.86, 496.8, 2, 1, 0, 0
437, 1459428369475, 581, 2, 21.97, 62.218, 194.29, 510.6, 2, 1, 0, 0
438, 1459428369668, 581, 1, 22.24, 47.557, 172.86, 455.4, 2, 1, 0, 0
439, 1459428373193, 585, 3, 22.02, 50.594, 192.86, 501.4, 2, 1, 0, 0
440, 1459428373522, 585, 1, 22.24, 47.557, 180.00, 460.0, 2, 1, 0, 0
441, 1459428373592, 585, 2, 21.98, 62.258, 197.14, 524.4, 2, 1, 0, 0
442, 1459428376696, 588, 2, 21.94, 62.218, 195.71, 524.4, 2, 1, 0, 0
443, 1459428377010, 589, 1, 22.24, 47.557, 177.14, 460.0, 2, 1, 0, 0
444, 1459428377433, 589, 3, 22.01, 50.513, 194.29, 496.8, 2, 1, 0, 0
445, 1459428380684, 592, 2, 21.98, 62.218, 195.71, 529.0, 2, 1, 0, 0
446, 1459428380750, 592, 1, 22.24, 47.516, 175.71, 455.4, 2, 1, 0, 0
447, 1459428380797, 592, 3, 22.01, 50.513, 194.29, 501.4, 2, 1, 0, 0
448, 1459428384740, 596, 1, 22.25, 47.557, 178.57, 460.0, 2, 1, 0, 0
449, 1459428384800, 596, 2, 21.98, 62.218, 195.71, 519.8, 2, 1, 0, 0
450, 1459428385777, 597, 3, 22.01, 50.472, 192.86, 501.4, 2, 1, 0, 0
451, 1459428388665, 600, 2, 21.97, 62.218, 195.71, 524.4, 2, 1, 0, 0
452, 1459428388766, 600, 3, 22.02, 50.432, 194.29, 496.8, 2, 1, 0, 0
453, 1459428389357, 601, 1, 22.24, 47.638, 174.29, 460.0, 2, 1, 0, 0
454, 1459428393278, 605, 2, 21.98, 62.258, 194.29, 519.8, 2, 1, 0, 0
455, 1459428393345, 605, 1, 22.23, 47.678, 174.29, 450.8, 2, 1, 0, 0
456, 1459428393384, 605, 3, 22.01, 50.432, 194.29, 506.0, 2, 1, 0, 0
457, 1459428396738, 608, 3, 22.02, 50.392, 192.86, 496.8, 2, 1, 0, 0
458, 1459428396835, 608, 1, 22.24, 47.759, 175.71, 460.0, 2, 1, 0, 0
459, 1459428397018, 609, 2, 21.98, 62.218, 197.14, 524.4, 2, 1, 0, 0
460, 1459428400825, 612, 1, 22.25, 47.759, 175.71, 460.0, 2, 1, 0, 0
461, 1459428401133, 613, 2, 21.98, 62.218, 195.71, 524.4, 2, 1, 0, 0
462, 1459428401602, 613, 3, 22.02, 50.432, 191.43, 496.8, 2, 1, 0, 0
463, 1459428404623, 616, 2, 21.98, 62.258, 195.71, 524.4, 2, 1, 0, 0
464, 1459428404841, 616, 3, 22.02, 50.472, 192.86, 496.8, 2, 1, 0, 0
465, 1459428405813, 617, 1, 22.25, 47.840, 178.57, 464.6, 2, 1, 0, 0
466, 1459428409113, 621, 2, 21.98, 62.258, 194.29, 519.8, 2, 1, 0, 0
467, 1459428409305, 621, 1, 22.26, 47.962, 177.14, 450.8, 2, 1, 0, 0
468, 1459428409579, 621, 3, 22.00, 50.594, 192.86, 501.4, 2, 1, 0, 0
469, 1459428413195, 625, 3, 22.02, 50.554, 194.29, 496.8, 2, 1, 0, 0
470, 1459428413227, 625, 2, 21.98, 62.258, 194.29, 524.4, 2, 1, 0, 0
471, 1459428413543, 625, 1, 22.26, 47.718, 175.71, 460.0, 2, 1, 0, 0
472, 1459428417343, 629, 2, 21.98, 62.258, 194.29, 519.8, 2, 1, 0, 0
473, 1459428417409, 629, 1, 22.26, 47.718, 178.57, 460.0, 2, 1, 0, 0
474, 1459428417687, 629, 3, 22.02, 50.554, 192.86, 501.4, 2, 1, 0, 0
475, 1459428421050, 633, 3, 22.02, 50.675, 192.86, 501.4, 2, 1, 0, 0
476, 1459428421513, 633, 1, 22.25, 47.759, 177.14, 460.0, 2, 1, 0, 0
477, 1459428421707, 633, 2, 21.99, 62.218, 195.71, 524.4, 2, 1, 0, 0
478, 1459428425128, 637, 1, 22.26, 47.759, 174.29, 455.4, 2, 1, 0, 0
479, 1459428425198, 637, 2, 21.99, 62.258, 194.29, 515.2, 2, 1, 0, 0
480, 1459428425540, 637, 3, 22.02, 50.675, 192.86, 496.8, 2, 1, 0, 0
481, 1459428428618, 640, 1, 22.26, 47.678, 175.71, 460.0, 2, 1, 0, 0
482, 1459428429067, 641, 2, 21.97, 62.218, 194.29, 519.8, 2, 1, 0, 0
483, 1459428429279, 641, 3, 22.02, 50.797, 194.29, 496.8, 2, 1, 0, 0
484, 1459428432982, 644, 1, 22.26, 47.678, 177.14, 455.4, 2, 1, 0, 0
485, 1459428433303, 645, 2, 21.98, 62.258, 195.71, 524.4, 2, 1, 0, 0
486, 1459428433645, 645, 3, 22.02, 50.877, 194.29, 496.8, 2, 1, 0, 0
487, 1459428436802, 648, 2, 21.97, 62.258, 195.71, 524.4, 2, 1, 0, 0
488, 1459428437511, 649, 3, 22.02, 50.756, 192.86, 496.8, 2, 1, 0, 0
489, 1459428437598, 649, 1, 22.26, 47.759, 174.29, 455.4, 2, 1, 0, 0
490, 1459428441032, 653, 2, 21.98, 62.258, 194.29, 519.8, 2, 1, 0, 0
491, 1459428441336, 653, 1, 22.26, 47.800, 177.14, 455.4, 2, 1, 0, 0
492, 1459428441877, 653, 3, 22.02, 50.797, 192.86, 492.2, 2, 1, 0, 0
493, 1459428445077, 657, 1, 22.25, 47.840, 175.71, 455.4, 2, 1, 0, 0
494, 1459428445367, 657, 3, 22.02, 50.918, 191.43, 496.8, 2, 1, 0, 0
495, 1459428445396, 657, 2, 21.98, 62.258, 195.71, 519.8, 2, 1, 0, 0
496, 1459428449069, 661, 1, 22.26, 47.840, 174.29, 455.4, 2, 1, 0, 0
497, 1459428449231, 661, 3, 22.01, 50.918, 194.29, 496.8, 2, 1, 0, 0
498, 1459428449553, 661, 2, 21.98, 62.258, 195.71, 519.8, 2, 1, 0, 0
499, 1459428452847, 664, 3, 22.02, 50.675, 192.86, 496.8, 2, 1, 0, 0
500, 1459428453132, 665, 2, 21.99, 62.218, 194.29, 515.2, 2, 1, 0, 0
501, 1459428453307, 665, 1, 22.26, 47.759, 177.14, 446.2, 2, 1, 0, 0
502, 1459428456837, 668, 3, 22.00, 50.675, 194.29, 492.2, 2, 1, 0, 0
503, 1459428457297, 669, 1, 22.26, 47.840, 175.71, 450.8, 2, 1, 0, 0
504, 1459428457356, 669, 2, 21.98, 62.218, 194.29, 515.2, 2, 1, 0, 0
505, 1459428460969, 672, 2, 21.97, 62.258, 195.71, 519.8, 2, 1, 0, 0
506, 1459428461200, 673, 3, 22.03, 50.554, 192.86, 492.2, 2, 1, 0, 0
507, 1459428461411, 673, 1, 22.26, 47.880, 172.86, 455.4, 2, 1, 0, 0
508, 1459428464710, 676, 2, 21.98, 62.258, 195.71, 515.2, 2, 1, 0, 0
509, 1459428464901, 676, 1, 22.26, 47.840, 172.86, 450.8, 2, 1, 0, 0
510, 1459428465066, 677, 3, 22.02, 50.554, 194.29, 492.2, 2, 1, 0, 0
511, 1459428469055, 681, 3, 22.02, 50.513, 188.57, 492.2, 2, 1, 0, 0
512, 1459428469086, 681, 2, 21.98, 62.298, 195.71, 519.8, 2, 1, 0, 0
513, 1459428469517, 681, 1, 22.26, 47.759, 175.71, 455.4, 2, 1, 0, 0
514, 1459428473130, 685, 1, 22.25, 47.840, 175.71, 455.4, 2, 1, 0, 0
515, 1459428473545, 685, 3, 22.03, 50.594, 192.86, 492.2, 2, 1, 0, 0
516, 1459428473574, 685, 2, 21.99, 62.298, 192.86, 510.6, 2, 1, 0, 0
517, 1459428477284, 689, 3, 22.02, 50.635, 192.86, 496.8, 2, 1, 0, 0
518, 1459428477369, 689, 1, 22.26, 47.759, 177.14, 455.4, 2, 1, 0, 0
519, 1459428479660, 691, 2, 21.98, 62.339, 194.29, 501.4, 2, 1, 0, 0
520, 1459428481110, 693, 1, 22.27, 47.718, 175.71, 450.8, 2, 1, 0, 0
521, 1459428481400, 693, 2, 21.97, 62.339, 194.29, 510.6, 2, 1, 0, 0
522, 1459428481439, 693, 3, 22.03, 50.756, 192.86, 487.6, 2, 1, 0, 0
523, 1459428484850, 696, 1, 22.26, 47.759, 174.29, 455.4, 2, 1, 0, 0
524, 1459428485020, 697, 3, 22.03, 50.837, 192.86, 492.2, 2, 1, 0, 0
525, 1459428485512, 697, 2, 21.98, 62.339, 194.29, 510.6, 2, 1, 0, 0
526, 1459428488777, 700, 3, 22.03, 50.797, 192.86, 492.2, 2, 1, 0, 0
527, 1459428488843, 700, 1, 22.26, 47.718, 177.14, 450.8, 2, 1, 0, 0
528, 1459428488876, 700, 2, 21.98, 62.339, 191.43, 506.0, 2, 1, 0, 0
529, 1459428492985, 704, 2, 21.99, 62.339, 191.43, 515.2, 2, 1, 0, 0
530, 1459428493123, 705, 3, 22.01, 50.635, 191.43, 492.2, 2, 1, 0, 0
531, 1459428493323, 705, 1, 22.27, 47.840, 177.14, 455.4, 2, 1, 0, 0
532, 1459428496976, 708, 2, 21.98, 62.339, 192.86, 510.6, 2, 1, 0, 0
533, 1459428497614, 709, 3, 22.02, 50.635, 191.43, 483.0, 2, 1, 0, 0
534, 1459428498060, 710, 1, 22.27, 47.840, 175.71, 455.4, 2, 1, 0, 0
535, 1459428501103, 713, 3, 22.03, 50.594, 192.86, 487.6, 2, 1, 0, 0
536, 1459428501216, 713, 2, 21.98, 62.339, 191.43, 510.6, 2, 1, 0, 0
537, 1459428501552, 713, 1, 22.26, 47.880, 175.71, 450.8, 2, 1, 0, 0
538, 1459428504719, 716, 3, 22.04, 50.594, 192.86, 487.6, 2, 1, 0, 0
539, 1459428504830, 716, 2, 21.98, 62.339, 194.29, 510.6, 2, 1, 0, 0
540, 1459428506166, 718, 1, 22.26, 47.962, 172.86, 450.8, 2, 1, 0, 0
541, 1459428508709, 720, 3, 22.03, 50.594, 191.43, 487.6, 2, 1, 0, 0
542, 1459428509282, 721, 1, 22.27, 47.921, 174.29, 446.2, 2, 1, 0, 0
543, 1459428509321, 721, 2, 21.98, 62.339, 192.86, 506.0, 2, 1, 0, 0
544, 1459428513399, 725, 1, 22.27, 47.921, 175.71, 450.8, 2, 1, 0, 0
545, 1459428513447, 725, 3, 22.03, 50.715, 191.43, 483.0, 2, 1, 0, 0
546, 1459428513560, 725, 2, 21.97, 62.339, 190.00, 510.6, 2, 1, 0, 0
547, 1459428517165, 729, 2, 21.98, 62.380, 192.86, 506.0, 2, 1, 0, 0
548, 1459428517427, 729, 3, 22.03, 50.756, 191.43, 487.6, 2, 1, 0, 0
549, 1459428517512, 729, 1, 22.26, 48.002, 174.29, 450.8, 2, 1, 0, 0
550, 1459428520918, 732, 3, 22.04, 50.797, 191.43, 487.6, 2, 1, 0, 0
551, 1459428521073, 733, 2, 21.98, 62.339, 194.29, 506.0, 2, 1, 0, 0
552, 1459428521494, 733, 1, 22.27, 47.921, 172.86, 446.2, 2, 1, 0, 0
553, 1459428524647, 736, 2, 21.98, 62.339, 191.43, 506.0, 2, 1, 0, 0
554, 1459428524858, 736, 1, 22.27, 47.921, 177.14, 455.4, 2, 1, 0, 0
555, 1459428525155, 737, 3, 22.03, 50.756, 191.43, 487.6, 2, 1, 0, 0
556, 1459428529010, 741, 2, 21.97, 62.339, 194.29, 506.0, 2, 1, 0, 0
557, 1459428529098, 741, 1, 22.28, 47.880, 175.71, 450.8, 2, 1, 0, 0
558, 1459428529527, 741, 3, 22.04, 50.756, 190.00, 478.4, 2, 1, 0, 0
559, 1459428532897, 744, 3, 22.04, 50.635, 191.43, 478.4, 2, 1, 0, 0
560, 1459428533087, 745, 1, 22.28, 47.962, 180.00, 455.4, 2, 1, 0, 0
561, 1459428533376, 745, 2, 21.97, 62.339, 192.86, 506.0, 2, 1, 0, 0
562, 1459428536955, 748, 1, 22.28, 48.002, 175.71, 446.2, 2, 1, 0, 0
563, 1459428537501, 749, 3, 22.04, 50.594, 191.43, 483.0, 2, 1, 0, 0
564, 1459428537615, 749, 2, 21.99, 62.339, 194.29, 501.4, 2, 1, 0, 0
565, 1459428540949, 752, 1, 22.28, 47.880, 174.29, 450.8, 2, 1, 0, 0
566, 1459428541230, 753, 2, 21.99, 62.339, 190.00, 506.0, 2, 1, 0, 0
567, 1459428541366, 753, 3, 22.04, 50.594, 191.43, 478.4, 2, 1, 0, 0
568, 1459428544731, 756, 3, 22.03, 50.635, 194.29, 483.0, 2, 1, 0, 0
569, 1459428544845, 756, 2, 21.98, 62.339, 194.29, 506.0, 2, 1, 0, 0
570, 1459428545183, 757, 1, 22.27, 47.880, 174.29, 446.2, 2, 1, 0, 0
571, 1459428548971, 760, 3, 22.04, 50.635, 191.43, 483.0, 2, 1, 0, 0
572, 1459428549209, 761, 2, 21.99, 62.339, 194.29, 510.6, 2, 1, 0, 0
573, 1459428549549, 761, 1, 22.28, 47.921, 175.71, 450.8, 2, 1, 0, 0
574, 1459428552711, 764, 3, 22.04, 50.756, 191.43, 483.0, 2, 1, 0, 0
575, 1459428553092, 765, 2, 22.00, 62.420, 192.86, 510.6, 2, 1, 0, 0
576, 1459428553538, 765, 1, 22.27, 47.759, 172.86, 450.8, 2, 1, 0, 0
577, 1459428556814, 768, 2, 22.00, 62.420, 194.29, 501.4, 2, 1, 0, 0
578, 1459428557278, 769, 1, 22.27, 47.759, 175.71, 450.8, 2, 1, 0, 0
579, 1459428557709, 769, 3, 22.03, 50.999, 191.43, 483.0, 2, 1, 0, 0
580, 1459428560643, 772, 1, 22.28, 47.800, 175.71, 450.8, 2, 1, 0, 0
581, 1459428561054, 773, 2, 21.98, 62.420, 192.86, 501.4, 2, 1, 0, 0
582, 1459428561815, 773, 3, 22.03, 51.080, 191.43, 487.6, 2, 1, 0, 0
583, 1459428565507, 777, 1, 22.28, 47.759, 174.29, 450.8, 2, 1, 0, 0
584, 1459428565544, 777, 2, 21.98, 62.420, 191.43, 506.0, 2, 1, 0, 0
585, 1459428565573, 777, 3, 22.03, 51.161, 187.14, 483.0, 2, 1, 0, 0
586, 1459428569034, 781, 2, 21.98, 62.420, 194.29, 501.4, 2, 1, 0, 0
587, 1459428569283, 781, 3, 22.04, 50.918, 191.43, 487.6, 2, 1, 0, 0
588, 1459428569497, 781, 1, 22.28, 47.840, 172.86, 450.8, 2, 1, 0, 0
589, 1459428573023, 785, 3, 22.03, 50.918, 191.43, 487.6, 2, 1, 0, 0
590, 1459428573103, 785, 1, 22.28, 47.962, 174.29, 441.6, 2, 1, 0, 0
591, 1459428573400, 785, 2, 21.98, 62.380, 192.86, 501.4, 2, 1, 0, 0
592, 1459428577014, 789, 2, 21.98, 62.380, 192.86, 501.4, 2, 1, 0, 0
593, 1459428577389, 789, 3, 22.03, 50.715, 191.43, 478.4, 2, 1, 0, 0
594, 1459428577843, 789, 1, 22.27, 47.840, 172.86, 450.8, 2, 1, 0, 0
595, 1459428580708, 792, 1, 22.28, 47.921, 175.71, 446.2, 2, 1, 0, 0
596, 1459428580758, 792, 2, 21.99, 62.339, 191.43, 501.4, 2, 1, 0, 0
597, 1459428581504, 793, 3, 22.04, 50.756, 190.00, 483.0, 2, 1, 0, 0
598, 1459428584743, 796, 3, 22.03, 50.797, 191.43, 473.8, 2, 1, 0, 0
599, 1459428585744, 797, 2, 21.98, 62.339, 192.86, 501.4, 2, 1, 0, 0
600, 1459428585946, 797, 1, 22.28, 47.840, 177.14, 441.6, 2, 1, 0, 0
601, 1459428589065, 801, 1, 22.28, 47.840, 174.29, 446.2, 2, 1, 0, 0
602, 1459428589108, 801, 3, 22.04, 50.675, 190.00, 478.4, 2, 1, 0, 0
603, 1459428589609, 801, 2, 21.98, 62.339, 192.86, 501.4, 2, 1, 0, 0
604, 1459428593052, 805, 1, 22.28, 47.840, 175.71, 446.2, 2, 1, 0, 0
605, 1459428593474, 805, 3, 22.03, 50.675, 190.00, 478.4, 2, 1, 0, 0
606, 1459428593724, 805, 2, 21.96, 62.339, 192.86, 501.4, 2, 1, 0, 0
607, 1459428596838, 808, 2, 21.99, 62.339, 192.86, 501.4, 2, 1, 0, 0
608, 1459428597337, 809, 3, 22.04, 50.675, 192.86, 478.4, 2, 1, 0, 0
609, 1459428597541, 809, 1, 22.27, 47.921, 172.86, 446.2, 2, 1, 0, 0
610, 1459428601201, 813, 2, 21.99, 62.339, 191.43, 501.4, 2, 1, 0, 0
611, 1459428601284, 813, 1, 22.27, 47.840, 174.29, 446.2, 2, 1, 0, 0
612, 1459428601577, 813, 3, 22.04, 50.675, 191.43, 483.0, 2, 1, 0, 0
613, 1459428604818, 816, 2, 21.98, 62.339, 192.86, 496.8, 2, 1, 0, 0
614, 1459428605067, 817, 3, 22.04, 50.675, 187.14, 473.8, 2, 1, 0, 0
615, 1459428605269, 817, 1, 22.28, 47.840, 174.29, 446.2, 2, 1, 0, 0
616, 1459428608885, 820, 1, 22.28, 47.800, 175.71, 455.4, 2, 1, 0, 0
617, 1459428609183, 821, 3, 22.04, 50.837, 190.00, 478.4, 2, 1, 0, 0
618, 1459428609682, 821, 2, 21.99, 62.339, 191.43, 501.4, 2, 1, 0, 0
619, 1459428612798, 824, 3, 22.04, 50.756, 191.43, 478.4, 2, 1, 0, 0
620, 1459428612880, 824, 1, 22.28, 47.800, 174.29, 441.6, 2, 1, 0, 0
621, 1459428612932, 824, 2, 21.99, 62.339, 192.86, 496.8, 2, 1, 0, 0
622, 1459428617364, 829, 1, 22.28, 47.921, 174.29, 446.2, 2, 1, 0, 0
623, 1459428617537, 829, 3, 22.03, 50.675, 190.00, 473.8, 2, 1, 0, 0
624, 1459428618028, 830, 2, 21.98, 62.339, 191.43, 501.4, 2, 1, 0, 0
625, 1459428620779, 832, 2, 21.99, 62.339, 192.86, 496.8, 2, 1, 0, 0
626, 1459428621026, 833, 3, 22.04, 50.635, 191.43, 478.4, 2, 1, 0, 0
627, 1459428621480, 833, 1, 22.28, 47.921, 172.86, 446.2, 2, 1, 0, 0
628, 1459428624719, 836, 1, 22.28, 47.880, 172.86, 441.6, 2, 1, 0, 0
629, 1459428625257, 837, 2, 21.98, 62.339, 192.86, 501.4, 2, 1, 0, 0
630, 1459428625394, 837, 3, 22.04, 50.756, 191.43, 478.4, 2, 1, 0, 0
631, 1459428628835, 840, 1, 22.28, 47.880, 175.71, 446.2, 2, 1, 0, 0
632, 1459428629246, 841, 2, 21.99, 62.339, 192.86, 496.8, 2, 1, 0, 0
633, 1459428629275, 841, 3, 22.04, 50.797, 190.00, 473.8, 2, 1, 0, 0
634, 1459428632736, 844, 2, 22.00, 62.380, 192.86, 501.4, 2, 1, 0, 0
635, 1459428633072, 845, 1, 22.28, 47.921, 174.29, 446.2, 2, 1, 0, 0
636, 1459428633246, 845, 3, 22.04, 50.756, 190.00, 478.4, 2, 1, 0, 0
637, 1459428636726, 848, 2, 21.99, 62.380, 192.86, 496.8, 2, 1, 0, 0
638, 1459428637112, 849, 3, 22.03, 50.594, 191.43, 473.8, 2, 1, 0, 0
639, 1459428637439, 849, 1, 22.28, 47.921, 175.71, 446.2, 2, 1, 0, 0
640, 1459428640592, 852, 2, 21.99, 62.380, 191.43, 496.8, 2, 1, 0, 0
641, 1459428640930, 852, 1, 22.29, 47.921, 174.29, 455.4, 2, 1, 0, 0
642, 1459428641350, 853, 3, 22.05, 50.594, 191.43, 469.2, 2, 1, 0, 0
643, 1459428644841, 856, 3, 22.04, 50.635, 191.43, 473.8, 2, 1, 0, 0
644, 1459428645546, 857, 1, 22.28, 47.921, 172.86, 441.6, 2, 1, 0, 0
645, 1459428646206, 858, 2, 21.98, 62.339, 192.86, 487.6, 2, 1, 0, 0
646, 1459428649079, 861, 3, 22.04, 50.675, 188.57, 469.2, 2, 1, 0, 0
647, 1459428649570, 861, 2, 21.98, 62.339, 192.86, 496.8, 2, 1, 0, 0
648, 1459428649660, 861, 1, 22.28, 47.921, 180.00, 441.6, 2, 1, 0, 0
649, 1459428653525, 865, 1, 22.29, 47.921, 177.14, 446.2, 2, 1, 0, 0
650, 1459428653559, 865, 2, 21.99, 62.339, 191.43, 496.8, 2, 1, 0, 0
651, 1459428653597, 865, 3, 22.04, 50.635, 190.00, 473.8, 2, 1, 0, 0
652, 1459428656800, 868, 3, 22.04, 50.594, 191.43, 460.0, 2, 1, 0, 0
653, 1459428657389, 869, 1, 22.29, 47.800, 175.71, 446.2, 2, 1, 0, 0
654, 1459428657436, 869, 2, 21.98, 62.339, 191.43, 487.6, 2, 1, 0, 0
655, 1459428660881, 872, 1, 22.28, 47.759, 174.29, 446.2, 2, 1, 0, 0
656, 1459428660917, 872, 2, 21.99, 62.380, 192.86, 496.8, 2, 1, 0, 0
657, 1459428661040, 873, 3, 22.05, 50.594, 190.00, 473.8, 2, 1, 0, 0
658, 1459428664869, 876, 1, 22.28, 47.840, 177.14, 441.6, 2, 1, 0, 0
659, 1459428664903, 876, 3, 22.04, 50.594, 190.00, 469.2, 2, 1, 0, 0
660, 1459428665533, 877, 2, 21.98, 62.380, 194.29, 492.2, 2, 1, 0, 0
661, 1459428669148, 881, 2, 21.98, 62.420, 192.86, 492.2, 2, 1, 0, 0
662, 1459428669484, 881, 1, 22.28, 47.921, 172.86, 441.6, 2, 1, 0, 0
663, 1459428670018, 882, 3, 22.05, 50.594, 190.00, 473.8, 2, 1, 0, 0
664, 1459428672848, 884, 1, 22.28, 47.921, 177.14, 441.6, 2, 1, 0, 0
665, 1459428672885, 884, 3, 22.05, 50.554, 190.00, 473.8, 2, 1, 0, 0
666, 1459428673387, 885, 2, 21.98, 62.420, 191.43, 492.2, 2, 1, 0, 0
667, 1459428676714, 888, 1, 22.29, 47.921, 175.71, 441.6, 2, 1, 0, 0
668, 1459428677378, 889, 2, 21.98, 62.420, 192.86, 501.4, 2, 1, 0, 0
669, 1459428677624, 889, 3, 22.06, 50.513, 188.57, 469.2, 2, 1, 0, 0
670, 1459428680704, 892, 1, 22.29, 48.002, 172.86, 455.4, 2, 1, 0, 0
671, 1459428680865, 892, 3, 22.05, 50.513, 191.43, 473.8, 2, 1, 0, 0
672, 1459428681242, 893, 2, 21.99, 62.420, 188.57, 492.2, 2, 1, 0, 0
673, 1459428685357, 897, 2, 21.97, 62.420, 191.43, 492.2, 2, 1, 0, 0
674, 1459428685479, 897, 3, 22.04, 50.513, 190.00, 464.6, 2, 1, 0, 0
675, 1459428685693, 897, 1, 22.28, 47.840, 174.29, 441.6, 2, 1, 0, 0
676, 1459428688718, 900, 3, 22.05, 50.513, 190.00, 464.6, 2, 1, 0, 0
677, 1459428688933, 900, 1, 22.28, 47.921, 172.86, 441.6, 2, 1, 0, 0
678, 1459428689472, 901, 2, 21.98, 62.420, 191.43, 492.2, 2, 1, 0, 0
679, 1459428692799, 904, 1, 22.29, 47.880, 175.71, 441.6, 2, 1, 0, 0
680, 1459428692837, 904, 2, 21.98, 62.380, 192.86, 492.2, 2, 1, 0, 0
681, 1459428693457, 905, 3, 22.06, 50.554, 188.57, 455.4, 2, 1, 0, 0
682, 1459428696701, 908, 2, 21.99, 62.380, 191.43, 492.2, 2, 1, 0, 0
683, 1459428696912, 908, 1, 22.28, 48.002, 172.86, 437.0, 2, 1, 0, 0
684, 1459428697572, 909, 3, 22.05, 50.554, 190.00, 464.6, 2, 1, 0, 0
685, 1459428700952, 912, 2, 21.98, 62.380, 191.43, 487.6, 2, 1, 0, 0
686, 1459428701313, 913, 3, 22.06, 50.513, 184.29, 469.2, 2, 1, 0, 0
687, 1459428701405, 913, 1, 22.28, 48.002, 174.29, 446.2, 2, 1, 0, 0
688, 1459428704805, 916, 2, 21.98, 62.380, 191.43, 487.6, 2, 1, 0, 0
689, 1459428705258, 917, 1, 22.28, 47.921, 175.71, 441.6, 2, 1, 0, 0
690, 1459428705677, 917, 3, 22.04, 50.594, 192.86, 464.6, 2, 1, 0, 0
691, 1459428709171, 921, 2, 21.98, 62.339, 191.43, 487.6, 2, 1, 0, 0
692, 1459428709541, 921, 3, 22.06, 50.594, 188.57, 464.6, 2, 1, 0, 0
693, 1459428709622, 921, 1, 22.28, 48.002, 174.29, 441.6, 2, 1, 0, 0
694, 1459428712907, 924, 3, 22.05, 50.594, 191.43, 469.2, 2, 1, 0, 0
695, 1459428713362, 925, 1, 22.29, 48.002, 172.86, 441.6, 2, 1, 0, 0
696, 1459428713535, 925, 2, 21.99, 62.339, 191.43, 492.2, 2, 1, 0, 0
697, 1459428716604, 928, 1, 22.29, 47.962, 171.43, 441.6, 2, 1, 0, 0
698, 1459428717025, 929, 2, 21.99, 62.339, 188.57, 483.0, 2, 1, 0, 0
699, 1459428717271, 929, 3, 22.04, 50.594, 188.57, 464.6, 2, 1, 0, 0
700, 1459428721012, 933, 3, 22.05, 50.594, 188.57, 446.2, 2, 1, 0, 0
701, 1459428721096, 933, 1, 22.29, 48.083, 172.86, 441.6, 2, 1, 0, 0
702, 1459428721514, 933, 2, 21.98, 62.380, 190.00, 483.0, 2, 1, 0, 0
703, 1459428725252, 937, 3, 22.06, 50.594, 188.57, 464.6, 2, 1, 0, 0
704, 1459428725504, 937, 2, 21.98, 62.339, 191.43, 483.0, 2, 1, 0, 0
705, 1459428725583, 937, 1, 22.29, 48.002, 175.71, 455.4, 2, 1, 0, 0
706, 1459428728619, 940, 2, 21.98, 62.339, 190.00, 483.0, 2, 1, 0, 0
707, 1459428729116, 941, 3, 22.06, 50.594, 187.14, 464.6, 2, 1, 0, 0
708, 1459428729574, 941, 1, 22.29, 47.962, 171.43, 437.0, 2, 1, 0, 0
709, 1459428732814, 944, 1, 22.30, 47.921, 174.29, 437.0, 2, 1, 0, 0
710, 1459428732984, 944, 2, 21.98, 62.339, 191.43, 478.4, 2, 1, 0, 0
711, 1459428733481, 945, 3, 22.05, 50.594, 188.57, 455.4, 2, 1, 0, 0
712, 1459428737304, 949, 1, 22.28, 47.840, 172.86, 437.0, 2, 1, 0, 0
713, 1459428737474, 949, 2, 21.98, 62.380, 191.43, 483.0, 2, 1, 0, 0
714, 1459428737720, 949, 3, 22.05, 50.635, 191.43, 464.6, 2, 1, 0, 0
715, 1459428740849, 952, 2, 22.00, 62.461, 191.43, 478.4, 2, 1, 0, 0
716, 1459428741461, 953, 3, 22.06, 50.594, 188.57, 460.0, 2, 1, 0, 0
717, 1459428741543, 953, 1, 22.29, 47.962, 172.86, 437.0, 2, 1, 0, 0
718, 1459428744703, 956, 2, 21.97, 62.461, 191.43, 478.4, 2, 1, 0, 0
719, 1459428745450, 957, 3, 22.05, 50.594, 190.00, 464.6, 2, 1, 0, 0
720, 1459428745781, 957, 1, 22.28, 47.962, 171.43, 437.0, 2, 1, 0, 0
721, 1459428749068, 961, 2, 21.97, 62.461, 190.00, 478.4, 2, 1, 0, 0
722, 1459428749440, 961, 3, 22.06, 50.594, 191.43, 455.4, 2, 1, 0, 0
723, 1459428749522, 961, 1, 22.28, 47.962, 175.71, 432.4, 2, 1, 0, 0
724, 1459428752808, 964, 2, 21.98, 62.420, 191.43, 478.4, 2, 1, 0, 0
725, 1459428753389, 965, 1, 22.29, 47.921, 172.86, 437.0, 2, 1, 0, 0
726, 1459428753680, 965, 3, 22.06, 50.594, 188.57, 460.0, 2, 1, 0, 0
727, 1459428756752, 968, 1, 22.29, 47.921, 168.57, 432.4, 2, 1, 0, 0
728, 1459428756920, 968, 3, 22.05, 50.554, 188.57, 460.0, 2, 1, 0, 0
729, 1459428757796, 969, 2, 21.98, 62.420, 188.57, 478.4, 2, 1, 0, 0
730, 1459428760788, 972, 2, 21.98, 62.420, 190.00, 478.4, 2, 1, 0, 0
731, 1459428761117, 973, 1, 22.28, 48.002, 172.86, 437.0, 2, 1, 0, 0
732, 1459428761284, 973, 3, 22.06, 50.594, 190.00, 460.0, 2, 1, 0, 0
733, 1459428764899, 976, 3, 22.06, 50.675, 188.57, 460.0, 2, 1, 0, 0
734, 1459428765528, 977, 2, 21.98, 62.420, 191.43, 478.4, 2, 1, 0, 0
735, 1459428765606, 977, 1, 22.29, 48.002, 175.71, 437.0, 2, 1, 0, 0
736, 1459428768641, 980, 2, 21.99, 62.339, 190.00, 473.8, 2, 1, 0, 0
737, 1459428769220, 981, 1, 22.28, 47.921, 172.86, 437.0, 2, 1, 0, 0
738, 1459428769263, 981, 3, 22.05, 50.635, 188.57, 460.0, 2, 1, 0, 0
739, 1459428772961, 984, 1, 22.28, 47.962, 172.86, 437.0, 2, 1, 0, 0
740, 1459428773006, 985, 3, 22.06, 50.675, 188.57, 460.0, 2, 1, 0, 0
741, 1459428773131, 985, 2, 21.99, 62.339, 190.00, 473.8, 2, 1, 0, 0
742, 1459428776611, 988, 2, 21.98, 62.339, 190.00, 478.4, 2, 1, 0, 0
743, 1459428777117, 989, 3, 22.05, 50.675, 188.57, 460.0, 2, 1, 0, 0
744, 1459428777575, 989, 1, 22.30, 48.042, 171.43, 432.4, 2, 1, 0, 0
745, 1459428781351, 993, 2, 21.99, 62.339, 190.00, 478.4, 2, 1, 0, 0
746, 1459428781607, 993, 3, 22.05, 50.635, 191.43, 460.0, 2, 1, 0, 0
747, 1459428781941, 993, 1, 22.30, 48.083, 171.43, 427.8, 2, 1, 0, 0
748, 1459428784839, 996, 2, 21.98, 62.420, 188.57, 478.4, 2, 1, 0, 0
749, 1459428784978, 996, 3, 22.06, 50.675, 188.57, 460.0, 2, 1, 0, 0
750, 1459428785683, 997, 1, 22.29, 48.042, 172.86, 432.4, 2, 1, 0, 0
751, 1459428788582, 1000, 2, 21.98, 62.420, 190.00, 478.4, 2, 1, 0, 0
752, 1459428789212, 1001, 3, 22.05, 50.675, 188.57, 460.0, 2, 1, 0, 0
753, 1459428789797, 1001, 1, 22.30, 48.042, 174.29, 437.0, 2, 1, 0, 0
754, 1459428793036, 1005, 1, 22.29, 48.002, 171.43, 432.4, 2, 1, 0, 0
755, 1459428793204, 1005, 3, 22.06, 50.675, 188.57, 460.0, 2, 1, 0, 0
756, 1459428793570, 1005, 2, 21.98, 62.461, 187.14, 478.4, 2, 1, 0, 0
757, 1459428796690, 1008, 3, 22.05, 50.635, 188.57, 455.4, 2, 1, 0, 0
758, 1459428797276, 1009, 1, 22.30, 47.921, 172.86, 437.0, 2, 1, 0, 0
759, 1459428797436, 1009, 2, 21.98, 62.501, 190.00, 478.4, 2, 1, 0, 0
760, 1459428800766, 1012, 1, 22.29, 47.921, 171.43, 432.4, 2, 1, 0, 0
761, 1459428800926, 1012, 2, 21.98, 62.501, 190.00, 478.4, 2, 1, 0, 0
762, 1459428801183, 1013, 3, 22.06, 50.675, 190.00, 460.0, 2, 1, 0, 0
763, 1459428804882, 1016, 1, 22.29, 47.840, 174.29, 437.0, 2, 1, 0, 0
764, 1459428805044, 1017, 3, 22.05, 50.756, 187.14, 460.0, 2, 1, 0, 0
765, 1459428805166, 1017, 2, 21.98, 62.501, 187.14, 478.4, 2, 1, 0, 0
766, 1459428809036, 1021, 3, 22.05, 50.756, 188.57, 455.4, 2, 1, 0, 0
767, 1459428809530, 1021, 2, 21.98, 62.541, 190.00, 478.4, 2, 1, 0, 0
768, 1459428809996, 1022, 1, 22.29, 48.083, 168.57, 432.4, 2, 1, 0, 0
769, 1459428813019, 1025, 2, 21.98, 62.541, 190.00, 469.2, 2, 1, 0, 0
770, 1459428813276, 1025, 3, 22.05, 50.675, 188.57, 460.0, 2, 1, 0, 0
771, 1459428813735, 1025, 1, 22.29, 48.164, 174.29, 441.6, 2, 1, 0, 0
772, 1459428817227, 1029, 1, 22.30, 48.042, 174.29, 437.0, 2, 1, 0, 0
773, 1459428817887, 1029, 2, 21.96, 62.582, 191.43, 478.4, 2, 1, 0, 0
774, 1459428818266, 1030, 3, 22.04, 50.756, 187.14, 464.6, 2, 1, 0, 0
775, 1459428820752, 1032, 2, 21.98, 62.582, 190.00, 478.4, 2, 1, 0, 0
776, 1459428821341, 1033, 1, 22.29, 48.002, 171.43, 432.4, 2, 1, 0, 0
777, 1459428821381, 1033, 3, 22.05, 50.756, 188.57, 460.0, 2, 1, 0, 0
778, 1459428824867, 1036, 2, 21.97, 62.541, 190.00, 478.4, 2, 1, 0, 0
779, 1459428825082, 1037, 1, 22.31, 48.002, 174.29, 432.4, 2, 1, 0, 0
780, 1459428825124, 1037, 3, 22.04, 50.837, 188.57, 460.0, 2, 1, 0, 0
781, 1459428829357, 1041, 2, 21.98, 62.541, 190.00, 483.0, 2, 1, 0, 0
782, 1459428829695, 1041, 1, 22.30, 47.962, 172.86, 437.0, 2, 1, 0, 0
783, 1459428829861, 1041, 3, 22.04, 50.918, 188.57, 460.0, 2, 1, 0, 0
784, 1459428832934, 1044, 1, 22.29, 48.002, 174.29, 437.0, 2, 1, 0, 0
785, 1459428832976, 1044, 3, 22.05, 50.837, 190.00, 464.6, 2, 1, 0, 0
786, 1459428833351, 1045, 2, 21.99, 62.541, 190.00, 483.0, 2, 1, 0, 0
787, 1459428837346, 1049, 3, 22.05, 50.756, 188.57, 464.6, 2, 1, 0, 0
788, 1459428837588, 1049, 2, 21.98, 62.541, 188.57, 473.8, 2, 1, 0, 0
789, 1459428838050, 1050, 1, 22.30, 48.042, 172.86, 437.0, 2, 1, 0, 0
790, 1459428840914, 1052, 1, 22.30, 48.002, 174.29, 437.0, 2, 1, 0, 0
791, 1459428840955, 1052, 2, 21.98, 62.582, 188.57, 473.8, 2, 1, 0, 0
792, 1459428841338, 1053, 3, 22.05, 50.756, 187.14, 460.0, 2, 1, 0, 0
793, 1459428844958, 1056, 3, 22.04, 50.756, 190.00, 464.6, 2, 1, 0, 0
794, 1459428845193, 1057, 2, 21.96, 62.582, 188.57, 478.4, 2, 1, 0, 0
795, 1459428845280, 1057, 1, 22.30, 48.042, 174.29, 437.0, 2, 1, 0, 0
796, 1459428848691, 1060, 3, 22.05, 50.675, 188.57, 469.2, 2, 1, 0, 0
797, 1459428848934, 1060, 2, 21.99, 62.582, 190.00, 478.4, 2, 1, 0, 0
798, 1459428849393, 1061, 1, 22.30, 48.002, 174.29, 437.0, 2, 1, 0, 0
799, 1459428852634, 1064, 1, 22.30, 47.921, 175.71, 441.6, 2, 1, 0, 0
800, 1459428852798, 1064, 2, 21.98, 62.582, 191.43, 483.0, 2, 1, 0, 0
801, 1459428853681, 1065, 3, 22.05, 50.715, 190.00, 464.6, 2, 1, 0, 0
802, 1459428856999, 1069, 1, 22.29, 47.921, 174.29, 437.0, 2, 1, 0, 0
803, 1459428857039, 1069, 2, 21.98, 62.582, 190.00, 478.4, 2, 1, 0, 0
804, 1459428857547, 1069, 3, 22.06, 50.675, 190.00, 464.6, 2, 1, 0, 0
805, 1459428861161, 1073, 3, 22.05, 50.675, 190.00, 464.6, 2, 1, 0, 0
806, 1459428861279, 1073, 2, 21.99, 62.541, 190.00, 483.0, 2, 1, 0, 0
807, 1459428861612, 1073, 1, 22.30, 47.840, 174.29, 437.0, 2, 1, 0, 0
808, 1459428865519, 1077, 2, 21.99, 62.582, 191.43, 478.4, 2, 1, 0, 0
809, 1459428865603, 1077, 1, 22.30, 48.002, 171.43, 437.0, 2, 1, 0, 0
810, 1459428865776, 1077, 3, 22.05, 50.675, 188.57, 464.6, 2, 1, 0, 0
811, 1459428868842, 1080, 1, 22.29, 48.124, 174.29, 437.0, 2, 1, 0, 0
812, 1459428869264, 1081, 3, 22.05, 50.675, 191.43, 464.6, 2, 1, 0, 0
813, 1459428869509, 1081, 2, 22.00, 62.623, 192.86, 483.0, 2, 1, 0, 0
814, 1459428872999, 1085, 2, 21.98, 62.623, 191.43, 483.0, 2, 1, 0, 0
815, 1459428873331, 1085, 1, 22.30, 48.042, 171.43, 437.0, 2, 1, 0, 0
816, 1459428873630, 1085, 3, 22.06, 50.675, 190.00, 469.2, 2, 1, 0, 0
817, 1459428876737, 1088, 2, 21.98, 62.623, 190.00, 483.0, 2, 1, 0, 0
818, 1459428877448, 1089, 1, 22.29, 48.083, 175.71, 437.0, 2, 1, 0, 0
819, 1459428877502, 1089, 3, 22.06, 50.715, 188.57, 460.0, 2, 1, 0, 0
820, 1459428880978, 1092, 2, 21.98, 62.623, 191.43, 483.0, 2, 1, 0, 0
821, 1459428881314, 1093, 1, 22.29, 48.124, 172.86, 441.6, 2, 1, 0, 0
822, 1459428881610, 1093, 3, 22.06, 50.675, 188.57, 464.6, 2, 1, 0, 0
823, 1459428885342, 1097, 2, 21.98, 62.582, 191.43, 483.0, 2, 1, 0, 0
824, 1459428885601, 1097, 3, 22.06, 50.715, 190.00, 469.2, 2, 1, 0, 0
825, 1459428885804, 1097, 1, 22.30, 48.205, 172.86, 441.6, 2, 1, 0, 0
826, 1459428888668, 1100, 1, 22.29, 48.083, 174.29, 441.6, 2, 1, 0, 0
827, 1459428888832, 1100, 2, 21.98, 62.582, 190.00, 483.0, 2, 1, 0, 0
828, 1459428889338, 1101, 3, 22.06, 50.797, 190.00, 473.8, 2, 1, 0, 0
829, 1459428892696, 1104, 2, 21.98, 62.623, 188.57, 478.4, 2, 1, 0, 0
830, 1459428892908, 1104, 1, 22.29, 48.002, 172.86, 437.0, 2, 1, 0, 0
831, 1459428893453, 1105, 3, 22.06, 50.675, 190.00, 464.6, 2, 1, 0, 0
832, 1459428896686, 1108, 2, 21.98, 62.623, 190.00, 483.0, 2, 1, 0, 0
833, 1459428897318, 1109, 3, 22.07, 50.675, 190.00, 464.6, 2, 1, 0, 0
834, 1459428897523, 1109, 1, 22.30, 48.124, 172.86, 441.6, 2, 1, 0, 0
835, 1459428901057, 1113, 3, 22.06, 50.756, 190.00, 473.8, 2, 1, 0, 0
836, 1459428901513, 1113, 1, 22.30, 48.164, 174.29, 441.6, 2, 1, 0, 0
837, 1459428901678, 1113, 2, 21.99, 62.623, 187.14, 478.4, 2, 1, 0, 0
838, 1459428905541, 1117, 2, 21.97, 62.623, 190.00, 483.0, 2, 1, 0, 0
839, 1459428905627, 1117, 1, 22.30, 48.164, 174.29, 441.6, 2, 1, 0, 0
840, 1459428905798, 1117, 3, 22.06, 50.715, 187.14, 469.2, 2, 1, 0, 0
841, 1459428908906, 1120, 2, 21.99, 62.623, 192.86, 483.0, 2, 1, 0, 0
842, 1459428909118, 1121, 1, 22.30, 48.083, 174.29, 437.0, 2, 1, 0, 0
843, 1459428909164, 1121, 3, 22.06, 50.675, 190.00, 469.2, 2, 1, 0, 0
844, 1459428913017, 1125, 3, 22.06, 50.635, 190.00, 469.2, 2, 1, 0, 0
845, 1459428913483, 1125, 1, 22.29, 48.164, 171.43, 437.0, 2, 1, 0, 0
846, 1459428913521, 1125, 2, 21.98, 62.582, 190.00, 483.0, 2, 1, 0, 0
847, 1459428916971, 1128, 1, 22.28, 48.164, 172.86, 441.6, 2, 1, 0, 0
848, 1459428917632, 1129, 3, 22.06, 50.635, 190.00, 464.6, 2, 1, 0, 0
849, 1459428917888, 1129, 2, 21.98, 62.623, 191.43, 483.0, 2, 1, 0, 0
850, 1459428921123, 1133, 3, 22.06, 50.675, 190.00, 464.6, 2, 1, 0, 0
851, 1459428921465, 1133, 1, 22.30, 48.124, 170.00, 441.6, 2, 1, 0, 0
852, 1459428922251, 1134, 2, 21.98, 62.582, 192.86, 483.0, 2, 1, 0, 0
853, 1459428924741, 1136, 2, 21.97, 62.623, 191.43, 464.6, 2, 1, 0, 0
854, 1459428924862, 1136, 3, 22.07, 50.675, 188.57, 464.6, 2, 1, 0, 0
855, 1459428924953, 1136, 1, 22.29, 48.124, 174.29, 441.6, 2, 1, 0, 0
856, 1459428928731, 1140, 2, 21.99, 62.623, 191.43, 483.0, 2, 1, 0, 0
857, 1459428929227, 1141, 3, 22.06, 50.675, 188.57, 464.6, 2, 1, 0, 0
858, 1459428929567, 1141, 1, 22.30, 48.083, 174.29, 437.0, 2, 1, 0, 0
859, 1459428932597, 1144, 2, 21.99, 62.582, 187.14, 478.4, 2, 1, 0, 0
860, 1459428933091, 1145, 3, 22.06, 50.675, 188.57, 464.6, 2, 1, 0, 0
861, 1459428933557, 1145, 1, 22.30, 48.124, 171.43, 437.0, 2, 1, 0, 0
862, 1459428936706, 1148, 3, 22.08, 50.675, 188.57, 464.6, 2, 1, 0, 0
863, 1459428937173, 1149, 1, 22.30, 48.124, 175.71, 441.6, 2, 1, 0, 0
864, 1459428937585, 1149, 2, 21.97, 62.582, 190.00, 478.4, 2, 1, 0, 0
865, 1459428941037, 1153, 1, 22.30, 48.124, 174.29, 441.6, 2, 1, 0, 0
866, 1459428941196, 1153, 3, 22.06, 50.756, 188.57, 464.6, 2, 1, 0, 0
867, 1459428941701, 1153, 2, 21.98, 62.541, 190.00, 478.4, 2, 1, 0, 0
868, 1459428944777, 1156, 1, 22.31, 48.245, 172.86, 441.6, 2, 1, 0, 0
869, 1459428944811, 1156, 3, 22.07, 50.918, 188.57, 464.6, 2, 1, 0, 0
870, 1459428945191, 1157, 2, 21.98, 62.582, 191.43, 483.0, 2, 1, 0, 0
871, 1459428948930, 1160, 2, 21.98, 62.582, 190.00, 478.4, 2, 1, 0, 0
872, 1459428949267, 1161, 1, 22.31, 48.164, 174.29, 437.0, 2, 1, 0, 0
873, 1459428949926, 1161, 3, 22.06, 50.756, 188.57, 464.6, 2, 1, 0, 0
874, 1459428952758, 1164, 1, 22.30, 48.002, 174.29, 437.0, 2, 1, 0, 0
875, 1459428952919, 1164, 2, 21.98, 62.582, 190.00, 487.6, 2, 1, 0, 0
876, 1459428953664, 1165, 3, 22.06, 50.756, 188.57, 455.4, 2, 1, 0, 0
877, 1459428956905, 1168, 3, 22.06, 50.675, 190.00, 460.0, 2, 1, 0, 0
878, 1459428957159, 1169, 2, 21.98, 62.582, 191.43, 478.4, 2, 1, 0, 0
879, 1459428957747, 1169, 1, 22.29, 47.921, 172.86, 441.6, 2, 1, 0, 0
880, 1459428960896, 1172, 3, 22.07, 50.756, 188.57, 460.0, 2, 0, 0, 0
881, 1459428961023, 1173, 2, 21.98, 62.663, 191.43, 478.4, 2, 0, 0, 0
882, 1459428961111, 1173, 1, 22.29, 48.083, 177.14, 427.8, 2, 0, 0, 0
883, 1459428965135, 1177, 3, 22.06, 50.797, 188.57, 460.0, 2, 0, 0, 0
884, 1459428965342, 1177, 1, 22.30, 48.083, 172.86, 437.0, 2, 0, 0, 0
885, 1459428965507, 1177, 2, 21.98, 62.663, 191.43, 478.4, 2, 0, 0, 0
886, 1459428968750, 1180, 3, 22.06, 50.715, 188.57, 460.0, 2, 0, 0, 0
887, 1459428969456, 1181, 1, 22.30, 48.083, 174.29, 437.0, 2, 0, 0, 0
888, 1459428969618, 1181, 2, 21.99, 62.663, 191.43, 478.4, 2, 0, 0, 0
889, 1459428972857, 1184, 2, 21.99, 62.703, 190.00, 469.2, 2, 0, 0, 0
890, 1459428973196, 1185, 1, 22.30, 48.042, 171.43, 432.4, 2, 0, 0, 0
891, 1459428973490, 1185, 3, 22.06, 50.715, 188.57, 460.0, 2, 0, 0, 0
892, 1459428977311, 1189, 1, 22.30, 47.962, 174.29, 432.4, 2, 0, 0, 0
893, 1459428977354, 1189, 3, 22.06, 50.797, 188.57, 460.0, 2, 0, 0, 0
894, 1459428977831, 1189, 2, 21.99, 62.703, 190.00, 478.4, 2, 0, 0, 0
895, 1459428980819, 1192, 2, 21.98, 62.703, 190.00, 473.8, 2, 0, 0, 0
896, 1459428981426, 1193, 1, 22.31, 47.962, 175.71, 437.0, 2, 0, 0, 0
897, 1459428981710, 1193, 3, 22.06, 50.918, 190.00, 460.0, 2, 0, 0, 0
898, 1459428984791, 1196, 1, 22.30, 47.962, 174.29, 437.0, 2, 0, 0, 0
899, 1459428984828, 1196, 3, 22.06, 50.918, 188.57, 460.0, 2, 0, 0, 0
900, 1459428985558, 1197, 2, 22.00, 62.703, 190.00, 478.4, 2, 0, 0, 0
901, 1459428988923, 1200, 2, 21.98, 62.663, 190.00, 478.4, 2, 0, 0, 0
902, 1459428988950, 1200, 3, 22.07, 50.837, 188.57, 460.0, 2, 0, 0, 0
903, 1459428989280, 1201, 1, 22.30, 48.083, 171.43, 432.4, 2, 0, 0, 0
904, 1459428993037, 1205, 2, 21.99, 62.623, 190.00, 473.8, 0, 0, 0, 0
905, 1459428993395, 1205, 1, 22.30, 48.083, 175.71, 437.0, 0, 0, 0, 0
906, 1459428993804, 1205, 3, 22.06, 50.756, 188.57, 464.6, 0, 0, 0, 0
907, 1459428996758, 1208, 1, 22.30, 48.083, 171.43, 432.4, 0, 0, 0, 0
908, 1459428996902, 1208, 2, 22.00, 62.623, 190.00, 478.4, 0, 0, 0, 0
909, 1459428997297, 1209, 3, 22.06, 50.797, 190.00, 460.0, 0, 0, 0, 0
910, 1459429000750, 1212, 1, 22.31, 48.124, 174.29, 437.0, 0, 0, 0, 0
911, 1459429000907, 1212, 3, 22.06, 50.756, 187.14, 460.0, 0, 0, 0, 0
912, 1459429001517, 1213, 2, 21.98, 62.623, 190.00, 473.8, 0, 0, 0, 0
913, 1459429004739, 1216, 1, 22.30, 48.002, 172.86, 437.0, 0, 0, 0, 0
914, 1459429005533, 1217, 3, 22.07, 50.756, 188.57, 455.4, 0, 0, 0, 0
915, 1459429005758, 1217, 2, 22.00, 62.582, 188.57, 473.8, 0, 0, 0, 0
916, 1459429008997, 1221, 2, 22.00, 62.582, 190.00, 473.8, 0, 0, 0, 0
917, 1459429009387, 1221, 3, 22.07, 50.756, 188.57, 455.4, 0, 0, 0, 0
918, 1459429010479, 1222, 1, 22.29, 48.002, 171.43, 432.4, 0, 0, 0, 0
919, 1459429013001, 1225, 3, 22.07, 50.756, 188.57, 455.4, 0, 0, 0, 0
920, 1459429013344, 1225, 1, 22.30, 48.002, 174.29, 432.4, 0, 0, 0, 0
921, 1459429013373, 1225, 2, 21.99, 62.582, 190.00, 478.4, 0, 0, 0, 0
922, 1459429016728, 1228, 2, 22.00, 62.582, 188.57, 473.8, 0, 0, 0, 0
923, 1459429016958, 1228, 1, 22.29, 48.002, 171.43, 432.4, 0, 0, 0, 0
924, 1459429017366, 1229, 3, 22.06, 50.797, 187.14, 455.4, 0, 0, 0, 0
925, 1459429021072, 1233, 1, 22.29, 48.042, 175.71, 432.4, 0, 0, 0, 0
926, 1459429021118, 1233, 2, 22.00, 62.501, 188.57, 473.8, 0, 0, 0, 0
927, 1459429021482, 1233, 3, 22.07, 50.756, 188.57, 455.4, 0, 0, 0, 0
928, 1459429024721, 1236, 3, 22.06, 50.797, 188.57, 455.4, 0, 0, 0, 0
929, 1459429025437, 1237, 1, 22.29, 48.002, 174.29, 432.4, 0, 0, 0, 0
930, 1459429025581, 1237, 2, 21.98, 62.541, 188.57, 473.8, 0, 0, 0, 0
931, 1459429028821, 1240, 2, 21.99, 62.541, 192.86, 473.8, 0, 0, 0, 0
932, 1459429028962, 1240, 3, 22.06, 50.756, 188.57, 455.4, 0, 0, 0, 0
933, 1459429029303, 1241, 1, 22.29, 47.962, 171.43, 432.4, 0, 0, 0, 0
934, 1459429032667, 1244, 1, 22.29, 47.962, 171.43, 432.4, 0, 0, 0, 0
935, 1459429032695, 1244, 2, 22.02, 62.541, 187.14, 469.2, 0, 0, 0, 0
936, 1459429033575, 1245, 3, 22.08, 50.756, 188.57, 450.8, 0, 0, 0, 0
937, 1459429036675, 1248, 2, 22.00, 62.541, 188.57, 473.8, 0, 0, 0, 0
938, 1459429037030, 1249, 1, 22.29, 47.921, 172.86, 432.4, 0, 0, 0, 0
939, 1459429037188, 1249, 3, 22.06, 50.797, 188.57, 450.8, 0, 0, 0, 0
940, 1459429040790, 1252, 2, 22.01, 62.541, 190.00, 473.8, 0, 0, 0, 0
941, 1459429040895, 1252, 1, 22.30, 47.962, 171.43, 427.8, 0, 0, 0, 0
942, 1459429041554, 1253, 3, 22.07, 50.837, 191.43, 446.2, 0, 0, 0, 0
943, 1459429045045, 1257, 3, 22.06, 50.837, 187.14, 455.4, 0, 0, 0, 0
944, 1459429045261, 1257, 1, 22.29, 47.921, 174.29, 432.4, 0, 0, 0, 0
945, 1459429045549, 1257, 2, 21.99, 62.582, 188.57, 478.4, 0, 0, 0, 0
946, 1459429048894, 1260, 2, 22.00, 62.582, 188.57, 469.2, 0, 0, 0, 0
947, 1459429049414, 1261, 3, 22.06, 50.877, 188.57, 450.8, 0, 0, 0, 0
948, 1459429049625, 1261, 1, 22.28, 47.840, 174.29, 437.0, 0, 0, 0, 0
949, 1459429052760, 1264, 2, 21.99, 62.582, 185.71, 469.2, 0, 0, 0, 0
950, 1459429052906, 1264, 3, 22.06, 50.959, 188.57, 455.4, 0, 0, 0, 0
951, 1459429053116, 1265, 1, 22.28, 47.840, 171.43, 427.8, 0, 0, 0, 0
952, 1459429057106, 1269, 1, 22.28, 47.880, 171.43, 427.8, 0, 0, 0, 0
953, 1459429057374, 1269, 2, 21.99, 62.541, 188.57, 469.2, 0, 0, 0, 0
954, 1459429057531, 1269, 3, 22.06, 51.161, 188.57, 450.8, 0, 0, 0, 0
955, 1459429060969, 1272, 1, 22.28, 47.880, 172.86, 427.8, 0, 0, 0, 0
956, 1459429061239, 1273, 2, 22.00, 62.582, 188.57, 464.6, 0, 0, 0, 0
957, 1459429061383, 1273, 3, 22.06, 51.080, 188.57, 450.8, 0, 0, 0, 0
958, 1459429065502, 1277, 2, 21.99, 62.541, 190.00, 469.2, 0, 0, 0, 0
959, 1459429065585, 1277, 1, 22.28, 47.880, 171.43, 427.8, 0, 0, 0, 0
960, 1459429065995, 1278, 3, 22.05, 50.999, 188.57, 450.8, 0, 0, 0, 0
961, 1459429069199, 1281, 1, 22.28, 47.921, 171.43, 427.8, 0, 0, 0, 0
962, 1459429069241, 1281, 2, 21.99, 62.582, 188.57, 464.6, 0, 0, 0, 0
963, 1459429069612, 1281, 3, 22.06, 50.999, 187.14, 446.2, 0, 0, 0, 0
964, 1459429072583, 1284, 2, 21.98, 62.582, 188.57, 460.0, 0, 0, 0, 0
965, 1459429073476, 1285, 3, 22.06, 51.080, 187.14, 450.8, 0, 0, 0, 0
966, 1459429073564, 1285, 1, 22.28, 47.840, 172.86, 427.8, 0, 0, 0, 0
967, 1459429076698, 1288, 2, 21.99, 62.582, 188.57, 460.0, 0, 0, 0, 0
968, 1459429077215, 1289, 3, 22.05, 51.161, 190.00, 450.8, 0, 0, 0, 0
969, 1459429077307, 1289, 1, 22.28, 47.840, 175.71, 432.4, 0, 0, 0, 0
970, 1459429080688, 1292, 2, 21.98, 62.582, 188.57, 464.6, 0, 0, 0, 0
971, 1459429080830, 1292, 3, 22.06, 51.039, 187.14, 446.2, 0, 0, 0, 0
972, 1459429081172, 1293, 1, 22.27, 47.840, 172.86, 427.8, 0, 0, 0, 0
973, 1459429085160, 1297, 1, 22.28, 47.840, 172.86, 432.4, 0, 0, 0, 0
974, 1459429085554, 1297, 2, 21.98, 62.582, 187.14, 464.6, 0, 0, 0, 0
975, 1459429085583, 1297, 3, 22.04, 50.999, 188.57, 446.2, 0, 0, 0, 0
976, 1459429089025, 1301, 1, 22.28, 47.840, 171.43, 423.2, 0, 0, 0, 0
977, 1459429089543, 1301, 2, 21.98, 62.582, 185.71, 460.0, 0, 0, 0, 0
978, 1459429089574, 1301, 3, 22.04, 50.999, 181.43, 533.6, 0, 0, 0, 0
979, 1459429092783, 1304, 2, 21.98, 62.582, 188.57, 469.2, 0, 0, 0, 0
980, 1459429093015, 1305, 1, 22.27, 47.880, 172.86, 427.8, 0, 0, 0, 0
981, 1459429093051, 1305, 3, 22.04, 50.959, 187.14, 446.2, 0, 0, 0, 0
982, 1459429097272, 1309, 2, 21.98, 62.623, 188.57, 469.2, 0, 0, 0, 0
983, 1459429097302, 1309, 3, 22.06, 50.877, 190.00, 441.6, 0, 0, 0, 0
984, 1459429097631, 1309, 1, 22.28, 47.921, 172.86, 427.8, 0, 0, 0, 0
985, 1459429100779, 1312, 3, 22.05, 50.918, 188.57, 446.2, 0, 0, 0, 0
986, 1459429101368, 1313, 1, 22.28, 47.962, 172.86, 427.8, 0, 0, 0, 0
987, 1459429101763, 1313, 2, 21.98, 62.623, 188.57, 460.0, 0, 0, 0, 0
988, 1459429104733, 1316, 1, 22.27, 48.002, 170.00, 427.8, 0, 0, 0, 0
989, 1459429104901, 1316, 3, 22.06, 50.918, 187.14, 450.8, 0, 0, 0, 0
990, 1459429105253, 1317, 2, 21.97, 62.582, 188.57, 460.0, 0, 0, 0, 0
991, 1459429109225, 1321, 1, 22.27, 48.002, 172.86, 432.4, 0, 0, 0, 0
992, 1459429109369, 1321, 2, 21.97, 62.582, 188.57, 460.0, 0, 0, 0, 0
993, 1459429109874, 1321, 3, 22.04, 50.999, 187.14, 446.2, 0, 0, 0, 0
994, 1459429112606, 1324, 2, 21.98, 62.582, 187.14, 455.4, 0, 0, 0, 0
995, 1459429112864, 1324, 3, 22.04, 50.999, 187.14, 446.2, 0, 0, 0, 0
996, 1459429113338, 1325, 1, 22.27, 47.921, 171.43, 427.8, 0, 0, 0, 0
997, 1459429116845, 1328, 2, 21.98, 62.582, 188.57, 446.2, 0, 0, 0, 0
998, 1459429117456, 1329, 1, 22.26, 48.002, 172.86, 427.8, 0, 0, 0, 0
999, 1459429117729, 1329, 3, 22.04, 51.080, 187.14, 441.6, 0, 0, 0, 0
1000, 1459429121073, 1333, 1, 22.26, 47.921, 172.86, 427.8, 0, 0, 0, 0
1001, 1459429121335, 1333, 2, 21.96, 62.582, 188.57, 464.6, 0, 0, 0, 0
1002, 1459429121468, 1333, 3, 22.04, 50.999, 187.14, 441.6, 0, 0, 0, 0
1003, 1459429125201, 1337, 2, 21.98, 62.582, 188.57, 460.0, 0, 0, 0, 0
1004, 1459429125469, 1337, 3, 22.04, 51.080, 188.57, 446.2, 0, 0, 0, 0
1005, 1459429125564, 1337, 1, 22.26, 47.880, 171.43, 423.2, 0, 0, 0, 0
1006, 1459429128823, 1340, 3, 22.04, 51.242, 187.14, 446.2, 0, 0, 0, 0
1007, 1459429129303, 1341, 1, 22.26, 47.840, 172.86, 427.8, 0, 0, 0, 0
1008, 1459429129439, 1341, 2, 21.98, 62.582, 190.00, 460.0, 0, 0, 0, 0
1009, 1459429133180, 1345, 2, 21.99, 62.582, 188.57, 455.4, 0, 0, 0, 0
1010, 1459429133437, 1345, 3, 22.03, 51.282, 187.14, 446.2, 0, 0, 0, 0
1011, 1459429133667, 1345, 1, 22.26, 47.880, 170.00, 427.8, 0, 0, 0, 0
1012, 1459429136782, 1348, 1, 22.27, 47.840, 172.86, 423.2, 0, 0, 0, 0
1013, 1459429136811, 1348, 2, 21.97, 62.582, 190.00, 464.6, 0, 0, 0, 0
1014, 1459429137427, 1349, 3, 22.04, 51.121, 187.14, 446.2, 0, 0, 0, 0
1015, 1459429140660, 1352, 2, 21.98, 62.582, 188.57, 460.0, 0, 0, 0, 0
1016, 1459429141042, 1353, 3, 22.04, 51.080, 190.00, 450.8, 0, 0, 0, 0
1017, 1459429141149, 1353, 1, 22.26, 47.880, 174.29, 427.8, 0, 0, 0, 0
1018, 1459429145137, 1357, 1, 22.25, 47.880, 172.86, 427.8, 0, 0, 0, 0
1019, 1459429145166, 1357, 2, 21.98, 62.582, 187.14, 455.4, 0, 0, 0, 0
1020, 1459429145407, 1357, 3, 22.04, 51.282, 187.14, 446.2, 0, 0, 0, 0
1021, 1459429148897, 1360, 3, 22.03, 51.282, 190.00, 455.4, 0, 0, 0, 0
1022, 1459429149125, 1361, 1, 22.26, 47.921, 172.86, 427.8, 0, 0, 0, 0
1023, 1459429149159, 1361, 2, 21.99, 62.582, 187.14, 455.4, 0, 0, 0, 0
1024, 1459429152880, 1364, 2, 21.98, 62.582, 187.14, 455.4, 0, 0, 0, 0
1025, 1459429152994, 1365, 1, 22.25, 47.921, 174.29, 427.8, 0, 0, 0, 0
1026, 1459429153386, 1365, 3, 22.02, 51.080, 187.14, 446.2, 0, 0, 0, 0
1027, 1459429157376, 1369, 3, 22.04, 51.080, 187.14, 455.4, 0, 0, 0, 0
1028, 1459429157607, 1369, 1, 22.25, 47.921, 171.43, 414.0, 0, 0, 0, 0
1029, 1459429157994, 1370, 2, 21.98, 62.541, 185.71, 460.0, 0, 0, 0, 0
1030, 1459429160877, 1372, 2, 21.98, 62.582, 187.14, 455.4, 0, 0, 0, 0
1031, 1459429160991, 1373, 3, 22.03, 51.161, 187.14, 446.2, 0, 0, 0, 0
1032, 1459429161349, 1373, 1, 22.26, 47.921, 172.86, 437.0, 0, 0, 0, 0
1033, 1459429165086, 1377, 1, 22.26, 47.880, 174.29, 427.8, 0, 0, 0, 0
1034, 1459429165224, 1377, 2, 21.98, 62.582, 188.57, 450.8, 0, 0, 0, 0
1035, 1459429165346, 1377, 3, 22.03, 51.161, 187.14, 529.0, 0, 0, 0, 0
1036, 1459429168714, 1380, 2, 21.96, 62.582, 188.57, 455.4, 0, 0, 0, 0
1037, 1459429168953, 1380, 1, 22.26, 47.880, 172.86, 427.8, 0, 0, 0, 0
1038, 1459429169334, 1381, 3, 22.02, 51.161, 184.29, 446.2, 0, 0, 0, 0
1039, 1459429172825, 1384, 3, 22.02, 51.039, 188.57, 446.2, 0, 0, 0, 0
1040, 1459429173452, 1385, 2, 21.98, 62.541, 187.14, 460.0, 0, 0, 0, 0
1041, 1459429173569, 1385, 1, 22.26, 47.921, 172.86, 427.8, 0, 0, 0, 0
1042, 1459429176815, 1388, 3, 22.03, 50.959, 185.71, 446.2, 0, 0, 0, 0
1043, 1459429177461, 1389, 2, 21.99, 62.541, 187.14, 460.0, 0, 0, 0, 0
1044, 1459429177557, 1389, 1, 22.26, 47.880, 174.29, 432.4, 0, 0, 0, 0
1045, 1459429180809, 1392, 2, 21.98, 62.541, 188.57, 460.0, 0, 0, 0, 0
1046, 1459429180929, 1392, 3, 22.02, 51.080, 187.14, 446.2, 0, 0, 0, 0
1047, 1459429181172, 1393, 1, 22.26, 47.921, 170.00, 427.8, 0, 0, 0, 0
1048, 1459429184786, 1396, 1, 22.25, 47.880, 171.43, 427.8, 0, 0, 0, 0
1049, 1459429185419, 1397, 3, 22.03, 50.999, 187.14, 446.2, 0, 0, 0, 0
1050, 1459429185816, 1397, 2, 21.98, 62.541, 188.57, 455.4, 0, 0, 0, 0
1051, 1459429188777, 1400, 1, 22.25, 47.840, 172.86, 427.8, 0, 0, 0, 0
1052, 1459429189153, 1401, 2, 21.97, 62.541, 187.14, 460.0, 0, 0, 0, 0
1053, 1459429189535, 1401, 3, 22.03, 50.999, 187.14, 446.2, 0, 0, 0, 0
1054, 1459429193390, 1405, 1, 22.25, 47.880, 170.00, 427.8, 0, 0, 0, 0
1055, 1459429193519, 1405, 2, 21.98, 62.541, 188.57, 460.0, 0, 0, 0, 0
1056, 1459429193650, 1405, 3, 22.03, 50.918, 187.14, 450.8, 0, 0, 0, 0
1057, 1459429197006, 1409, 1, 22.26, 47.880, 174.29, 432.4, 0, 0, 0, 0
1058, 1459429197257, 1409, 2, 21.98, 62.541, 187.14, 460.0, 0, 0, 0, 0
1059, 1459429197629, 1409, 3, 22.04, 50.918, 187.14, 446.2, 0, 0, 0, 0
1060, 1459429200746, 1412, 1, 22.25, 47.880, 171.43, 427.8, 0, 0, 0, 0
1061, 1459429200993, 1413, 3, 22.03, 50.837, 187.14, 437.0, 0, 0, 0, 0
1062, 1459429201248, 1413, 2, 21.97, 62.541, 188.57, 460.0, 0, 0, 0, 0
1063, 1459429204859, 1416, 1, 22.25, 47.880, 174.29, 432.4, 0, 0, 0, 0
1064, 1459429205604, 1417, 2, 21.97, 62.541, 188.57, 460.0, 0, 0, 0, 0
1065, 1459429205859, 1417, 3, 22.04, 50.877, 187.14, 446.2, 0, 0, 0, 0
1066, 1459429208975, 1420, 1, 22.25, 47.840, 171.43, 414.0, 0, 0, 0, 0
1067, 1459429209098, 1421, 3, 22.04, 50.999, 187.14, 455.4, 0, 0, 0, 0
1068, 1459429209216, 1421, 2, 21.98, 62.501, 190.00, 464.6, 0, 0, 0, 0
1069, 1459429212841, 1424, 1, 22.25, 47.840, 165.71, 418.6, 0, 0, 0, 0
1070, 1459429213089, 1425, 3, 22.02, 50.959, 185.71, 450.8, 0, 0, 0, 0
1071, 1459429213581, 1425, 2, 21.98, 62.501, 188.57, 460.0, 0, 0, 0, 0
1072, 1459429216696, 1428, 2, 21.98, 62.501, 188.57, 455.4, 0, 0, 0, 0
1073, 1459429217080, 1429, 1, 22.24, 47.921, 171.43, 427.8, 0, 0, 0, 0
1074, 1459429217328, 1429, 3, 22.03, 50.877, 187.14, 446.2, 0, 0, 0, 0
1075, 1459429220811, 1432, 2, 21.97, 62.541, 187.14, 464.6, 0, 0, 0, 0
1076, 1459429220943, 1432, 3, 22.02, 50.837, 187.14, 446.2, 0, 0, 0, 0
1077, 1459429221319, 1433, 1, 22.24, 47.921, 170.00, 427.8, 0, 0, 0, 0
1078, 1459429224933, 1436, 3, 22.02, 50.797, 187.14, 446.2, 0, 0, 0, 0
1079, 1459429225049, 1437, 2, 21.96, 62.541, 191.43, 469.2, 0, 0, 0, 0
1080, 1459429225184, 1437, 1, 22.24, 47.921, 171.43, 427.8, 0, 0, 0, 0
1081, 1459429228915, 1440, 2, 21.97, 62.541, 184.29, 460.0, 0, 0, 0, 0
1082, 1459429229173, 1441, 1, 22.24, 47.921, 172.86, 427.8, 0, 0, 0, 0
1083, 1459429229547, 1441, 3, 22.03, 50.756, 190.00, 455.4, 0, 0, 0, 0
1084, 1459429233036, 1445, 3, 22.03, 50.797, 188.57, 450.8, 0, 0, 0, 0
1085, 1459429233288, 1445, 1, 22.24, 47.921, 174.29, 432.4, 0, 0, 0, 0
1086, 1459429236653, 1448, 2, 21.96, 62.541, 187.14, 460.0, 0, 0, 0, 0
1087, 1459429236777, 1448, 3, 22.03, 50.756, 188.57, 450.8, 0, 0, 0, 0
1088, 1459429237027, 1449, 1, 22.25, 47.921, 172.86, 432.4, 0, 0, 0, 0
1089, 1459429237521, 1449, 2, 21.97, 62.541, 187.14, 460.0, 0, 0, 0, 0
1090, 1459429240767, 1452, 3, 22.03, 50.837, 191.43, 450.8, 0, 0, 0, 0
1091, 1459429241142, 1453, 1, 22.24, 47.921, 172.86, 427.8, 0, 0, 0, 0
1092, 1459429241635, 1453, 2, 21.98, 62.541, 188.57, 464.6, 0, 0, 0, 0
1093, 1459429244998, 1457, 2, 21.97, 62.541, 187.14, 455.4, 0, 0, 0, 0
1094, 1459429245257, 1457, 3, 22.01, 50.837, 187.14, 450.8, 0, 0, 0, 0
1095, 1459429245634, 1457, 1, 22.24, 47.921, 172.86, 437.0, 0, 0, 0, 0
1096, 1459429248873, 1460, 1, 22.24, 47.921, 171.43, 427.8, 0, 0, 0, 0
1097, 1459429249238, 1461, 2, 21.96, 62.541, 187.14, 455.4, 0, 0, 0, 0
1098, 1459429249497, 1461, 3, 22.02, 50.918, 187.14, 446.2, 0, 0, 0, 0
1099, 1459429252737, 1464, 1, 22.24, 47.921, 172.86, 432.4, 0, 0, 0, 0
1100, 1459429252861, 1464, 3, 22.02, 51.039, 187.14, 450.8, 0, 0, 0, 0
1101, 1459429252979, 1464, 2, 21.97, 62.541, 188.57, 460.0, 0, 0, 0, 0
1102, 1459429256727, 1468, 1, 22.24, 47.921, 172.86, 432.4, 0, 0, 0, 0
1103, 1459429257469, 1469, 2, 21.98, 62.582, 187.14, 460.0, 0, 0, 0, 0
1104, 1459429257601, 1469, 3, 22.02, 51.242, 187.14, 450.8, 0, 0, 0, 0
1105, 1459429261217, 1473, 3, 22.02, 51.161, 190.00, 455.4, 0, 0, 0, 0
1106, 1459429261459, 1473, 2, 21.96, 62.541, 188.57, 460.0, 0, 0, 0, 0
1107, 1459429261966, 1473, 1, 22.24, 47.921, 172.86, 432.4, 0, 0, 0, 0
1108, 1459429264833, 1476, 1, 22.24, 47.962, 171.43, 427.8, 0, 0, 0, 0
1109, 1459429265324, 1477, 2, 21.97, 62.541, 187.14, 460.0, 0, 0, 0, 0
1110, 1459429265580, 1477, 3, 22.03, 50.959, 187.14, 441.6, 0, 0, 0, 0
1111, 1459429269065, 1481, 2, 21.96, 62.541, 188.57, 455.4, 0, 0, 0, 0
1112, 1459429269321, 1481, 1, 22.24, 47.921, 171.43, 427.8, 0, 0, 0, 0
1113, 1459429269696, 1481, 3, 22.02, 50.877, 187.14, 450.8, 0, 0, 0, 0
1114, 1459429272810, 1484, 3, 22.03, 50.877, 187.14, 450.8, 0, 0, 0, 0
1115, 1459429273428, 1485, 2, 21.95, 62.541, 188.57, 460.0, 0, 0, 0, 0
1116, 1459429273566, 1485, 1, 22.23, 47.921, 170.00, 432.4, 0, 0, 0, 0
1117, 1459429276929, 1488, 1, 22.23, 47.921, 171.43, 432.4, 0, 0, 0, 0
1118, 1459429277050, 1489, 3, 22.02, 50.877, 187.14, 450.8, 0, 0, 0, 0
1119, 1459429277418, 1489, 2, 21.95, 62.541, 188.57, 460.0, 0, 0, 0, 0
1120, 1459429280658, 1492, 2, 21.98, 62.501, 187.14, 460.0, 0, 0, 0, 0
1121, 1459429281163, 1493, 3, 22.02, 50.959, 188.57, 450.8, 0, 0, 0, 0
1122, 1459429281793, 1493, 1, 22.24, 47.962, 175.71, 432.4, 0, 0, 0, 0
1123, 1459429284653, 1496, 3, 22.01, 50.918, 188.57, 450.8, 0, 0, 0, 0
1124, 1459429284774, 1496, 2, 21.96, 62.541, 188.57, 455.4, 0, 0, 0, 0
1125, 1459429285158, 1497, 1, 22.24, 47.962, 172.86, 432.4, 0, 0, 0, 0
1126, 1459429288772, 1500, 1, 22.23, 47.962, 171.43, 427.8, 0, 0, 0, 0
1127, 1459429288888, 1500, 2, 21.97, 62.541, 187.14, 469.2, 0, 0, 0, 0
1128, 1459429289519, 1501, 3, 22.03, 50.837, 187.14, 450.8, 0, 0, 0, 0
1129, 1459429292784, 1504, 1, 22.23, 47.962, 171.43, 432.4, 0, 0, 0, 0
1130, 1459429293002, 1505, 2, 21.98, 62.541, 188.57, 460.0, 0, 0, 0, 0
1131, 1459429293633, 1505, 3, 22.02, 50.918, 188.57, 455.4, 0, 0, 0, 0
1132, 1459429296993, 1509, 2, 21.97, 62.541, 188.57, 460.0, 0, 0, 0, 0
1133, 1459429297373, 1509, 3, 22.02, 50.877, 187.14, 450.8, 0, 0, 0, 0
1134, 1459429297646, 1509, 1, 22.23, 47.962, 171.43, 427.8, 0, 0, 0, 0
1135, 1459429301481, 1513, 2, 21.96, 62.541, 188.57, 460.0, 0, 0, 0, 0
1136, 1459429301611, 1513, 3, 22.02, 50.837, 188.57, 450.8, 0, 0, 0, 0
1137, 1459429301868, 1513, 1, 22.23, 47.921, 172.86, 432.4, 0, 0, 0, 0
1138, 1459429304976, 1516, 3, 22.01, 50.837, 188.57, 450.8, 0, 0, 0, 0
1139, 1459429305472, 1517, 2, 21.98, 62.541, 188.57, 460.0, 0, 0, 0, 0
1140, 1459429305502, 1517, 1, 22.24, 47.921, 171.43, 427.8, 0, 0, 0, 0
1141, 1459429309342, 1521, 3, 22.02, 50.999, 187.14, 450.8, 0, 0, 0, 0
1142, 1459429309461, 1521, 2, 21.95, 62.541, 188.57, 460.0, 0, 0, 0, 0
1143, 1459429309604, 1521, 1, 22.23, 47.962, 171.43, 427.8, 0, 0, 0, 0
1144, 1459429312963, 1524, 1, 22.22, 47.962, 172.86, 432.4, 0, 0, 0, 0
1145, 1459429313207, 1525, 3, 22.01, 50.959, 188.57, 450.8, 0, 0, 0, 0
1146, 1459429313345, 1525, 2, 21.98, 62.541, 187.14, 460.0, 0, 0, 0, 0
1147, 1459429316691, 1528, 2, 21.96, 62.541, 188.57, 460.0, 0, 0, 0, 0
1148, 1459429317084, 1529, 1, 22.22, 47.962, 170.00, 432.4, 0, 0, 0, 0
1149, 1459429317323, 1529, 3, 22.01, 50.959, 188.57, 450.8, 0, 0, 0, 0
1150, 1459429320807, 1532, 2, 21.97, 62.541, 187.14, 460.0, 0, 0, 0, 0
1151, 1459429321075, 1533, 3, 22.02, 50.999, 188.57, 450.8, 0, 0, 0, 0
1152, 1459429321446, 1533, 1, 22.23, 47.962, 174.29, 432.4, 0, 0, 0, 0
1153, 1459429325439, 1537, 3, 22.01, 50.918, 184.29, 450.8, 0, 0, 0, 0
1154, 1459429325546, 1537, 2, 21.98, 62.541, 187.14, 460.0, 0, 0, 0, 0
1155, 1459429325686, 1537, 1, 22.22, 47.962, 171.43, 423.2, 0, 0, 0, 0
1156, 1459429328784, 1540, 2, 21.96, 62.541, 190.00, 464.6, 0, 0, 0, 0
1157, 1459429329417, 1541, 3, 22.02, 51.080, 188.57, 450.8, 0, 0, 0, 0
1158, 1459429329675, 1541, 1, 22.23, 47.962, 172.86, 432.4, 0, 0, 0, 0
1159, 1459429332901, 1544, 2, 21.96, 62.541, 188.57, 460.0, 0, 0, 0, 0
1160, 1459429333416, 1545, 1, 22.22, 47.962, 174.29, 427.8, 0, 0, 0, 0
1161, 1459429333906, 1545, 3, 22.00, 51.282, 188.57, 446.2, 0, 0, 0, 0
1162, 1459429336900, 1548, 3, 22.02, 51.039, 187.14, 450.8, 0, 0, 0, 0
1163, 1459429337141, 1549, 2, 21.97, 62.501, 188.57, 464.6, 0, 0, 0, 0
1164, 1459429337534, 1549, 1, 22.24, 47.962, 172.86, 432.4, 0, 0, 0, 0
1165, 1459429341022, 1553, 1, 22.22, 47.962, 172.86, 432.4, 0, 0, 0, 0
1166, 1459429341263, 1553, 3, 22.01, 50.877, 191.43, 450.8, 0, 0, 0, 0
1167, 1459429341399, 1553, 2, 21.96, 62.501, 188.57, 460.0, 0, 0, 0, 0
1168, 1459429344736, 1556, 2, 21.97, 62.501, 188.57, 460.0, 0, 0, 0, 0
1169, 1459429344770, 1556, 3, 22.02, 50.877, 188.57, 450.8, 0, 0, 0, 0
1170, 1459429345262, 1557, 1, 22.22, 47.962, 171.43, 432.4, 0, 0, 0, 0
1171, 1459429348753, 1560, 1, 22.22, 47.962, 175.71, 432.4, 0, 0, 0, 0
1172, 1459429348853, 1560, 2, 21.98, 62.501, 188.57, 460.0, 0, 0, 0, 0
1173, 1459429349369, 1561, 3, 22.01, 50.918, 187.14, 446.2, 0, 0, 0, 0
1174, 1459429352993, 1565, 3, 22.02, 51.039, 187.14, 450.8, 0, 0, 0, 0
1175, 1459429353121, 1565, 1, 22.22, 48.002, 168.57, 432.4, 0, 0, 0, 0
1176, 1459429353213, 1565, 2, 21.98, 62.501, 188.57, 455.4, 0, 0, 0, 0
1177, 1459429356977, 1568, 3, 22.02, 51.039, 187.14, 450.8, 0, 0, 0, 0
1178, 1459429357346, 1569, 1, 22.22, 48.002, 174.29, 427.8, 0, 0, 0, 0
1179, 1459429357444, 1569, 2, 21.98, 62.501, 188.57, 460.0, 0, 0, 0, 0
1180, 1459429361213, 1573, 3, 22.01, 50.918, 188.57, 450.8, 0, 0, 0, 0
1181, 1459429361309, 1573, 2, 21.97, 62.501, 187.14, 464.6, 0, 0, 0, 0
1182, 1459429361338, 1573, 1, 22.22, 48.002, 171.43, 427.8, 0, 0, 0, 0
1183, 1459429364675, 1576, 2, 21.98, 62.501, 188.57, 460.0, 0, 0, 0, 0
1184, 1459429364954, 1576, 3, 22.02, 50.918, 190.00, 450.8, 0, 0, 0, 0
1185, 1459429365076, 1577, 1, 22.22, 48.002, 174.29, 432.4, 0, 0, 0, 0
1186, 1459429368815, 1580, 1, 22.22, 47.962, 171.43, 427.8, 0, 0, 0, 0
1187, 1459429368914, 1580, 2, 21.96, 62.541, 188.57, 473.8, 0, 0, 0, 0
1188, 1459429369191, 1581, 3, 22.02, 50.999, 188.57, 455.4, 0, 0, 0, 0
1189, 1459429373029, 1585, 2, 21.98, 62.541, 188.57, 460.0, 0, 0, 0, 0
1190, 1459429373057, 1585, 3, 22.01, 50.877, 187.14, 455.4, 0, 0, 0, 0
1191, 1459429373181, 1585, 1, 22.22, 48.002, 174.29, 432.4, 0, 0, 0, 0
1192, 1459429376519, 1588, 2, 21.97, 62.501, 187.14, 460.0, 0, 0, 0, 0
1193, 1459429376797, 1588, 3, 22.01, 50.837, 188.57, 455.4, 0, 0, 0, 0
1194, 1459429377294, 1589, 1, 22.22, 47.962, 171.43, 432.4, 0, 0, 0, 0
1195, 1459429381036, 1593, 3, 22.02, 50.837, 188.57, 455.4, 0, 0, 0, 0
1196, 1459429381266, 1593, 2, 21.97, 62.541, 190.00, 473.8, 0, 0, 0, 0
1197, 1459429381659, 1593, 1, 22.22, 47.962, 172.86, 427.8, 0, 0, 0, 0
1198, 1459429385525, 1597, 1, 22.22, 47.921, 172.86, 432.4, 0, 0, 0, 0
1199, 1459429385739, 1597, 2, 21.96, 62.541, 187.14, 460.0, 0, 0, 0, 0
1200, 1459429386026, 1598, 3, 22.02, 50.877, 188.57, 455.4, 0, 0, 0, 0
1201, 1459429389159, 1601, 3, 22.00, 50.999, 187.14, 455.4, 0, 0, 0, 0
1202, 1459429389236, 1601, 2, 21.96, 62.541, 188.57, 460.0, 0, 0, 0, 0
1203, 1459429389268, 1601, 1, 22.22, 47.921, 170.00, 432.4, 0, 0, 0, 0
1204, 1459429392770, 1604, 1, 22.22, 47.962, 172.86, 432.4, 0, 0, 0, 0
1205, 1459429393256, 1605, 3, 22.01, 50.959, 188.57, 455.4, 0, 0, 0, 0
1206, 1459429393582, 1605, 2, 21.95, 62.541, 188.57, 464.6, 0, 0, 0, 0
1207, 1459429396951, 1608, 2, 21.97, 62.541, 188.57, 464.6, 0, 0, 0, 0
1208, 1459429397246, 1609, 3, 22.01, 51.080, 188.57, 441.6, 0, 0, 0, 0
1209, 1459429397483, 1609, 1, 22.21, 47.962, 172.86, 432.4, 0, 0, 0, 0
1210, 1459429401313, 1613, 2, 21.96, 62.541, 188.57, 460.0, 0, 0, 0, 0
1211, 1459429401597, 1613, 1, 22.21, 47.962, 172.86, 432.4, 0, 0, 0, 0
1212, 1459429401627, 1613, 3, 22.00, 51.121, 188.57, 455.4, 0, 0, 0, 0
1213, 1459429404974, 1616, 3, 22.01, 51.161, 187.14, 455.4, 0, 0, 0, 0
1214, 1459429405176, 1617, 2, 21.96, 62.582, 187.14, 469.2, 0, 0, 0, 0
1215, 1459429405337, 1617, 1, 22.21, 47.962, 175.71, 437.0, 0, 0, 0, 0
1216, 1459429409091, 1621, 3, 22.01, 51.080, 187.14, 455.4, 0, 0, 0, 0
1217, 1459429409542, 1621, 2, 21.96, 62.541, 188.57, 469.2, 0, 0, 0, 0
1218, 1459429409578, 1621, 1, 22.21, 47.962, 172.86, 441.6, 0, 0, 0, 0
1219, 1459429413192, 1625, 1, 22.20, 47.921, 172.86, 437.0, 0, 0, 0, 0
1220, 1459429413405, 1625, 2, 21.96, 62.541, 188.57, 473.8, 0, 0, 0, 0
1221, 1459429413580, 1625, 3, 22.01, 50.959, 188.57, 455.4, 0, 0, 0, 0
1222, 1459429416693, 1628, 3, 22.01, 50.959, 188.57, 455.4, 0, 0, 0, 0
1223, 1459429417022, 1629, 2, 21.96, 62.541, 190.00, 469.2, 0, 0, 0, 0
1224, 1459429417431, 1629, 1, 22.21, 47.962, 172.86, 437.0, 0, 0, 0, 0
1225, 1459429421184, 1633, 3, 22.01, 50.959, 188.57, 455.4, 0, 0, 0, 0
1226, 1459429421391, 1633, 2, 21.96, 62.541, 188.57, 464.6, 0, 0, 0, 0
1227, 1459429421548, 1633, 1, 22.22, 48.002, 172.86, 437.0, 0, 0, 0, 0
1228, 1459429424674, 1636, 3, 22.00, 50.959, 188.57, 455.4, 0, 0, 0, 0
1229, 1459429425002, 1637, 2, 21.96, 62.541, 191.43, 469.2, 0, 0, 0, 0
1230, 1459429425412, 1637, 1, 22.20, 48.002, 172.86, 437.0, 0, 0, 0, 0
1231, 1459429428617, 1640, 2, 21.97, 62.541, 188.57, 464.6, 0, 0, 0, 0
1232, 1459429429414, 1641, 1, 22.22, 47.962, 177.14, 437.0, 0, 0, 0, 0
1233, 1459429429440, 1641, 3, 22.00, 50.999, 187.14, 455.4, 0, 0, 0, 0
1234, 1459429432731, 1644, 2, 21.96, 62.541, 188.57, 469.2, 0, 0, 0, 0
1235, 1459429433027, 1645, 3, 22.00, 50.918, 187.14, 455.4, 0, 0, 0, 0
1236, 1459429433141, 1645, 1, 22.21, 47.962, 172.86, 437.0, 0, 0, 0, 0
1237, 1459429436641, 1648, 3, 22.02, 50.877, 188.57, 455.4, 0, 0, 0, 0
1238, 1459429437096, 1649, 2, 21.96, 62.541, 188.57, 464.6, 0, 0, 0, 0
1239, 1459429437139, 1649, 1, 22.22, 47.962, 170.00, 441.6, 0, 0, 0, 0
1240, 1459429440985, 1652, 1, 22.22, 47.962, 177.14, 437.0, 0, 0, 0, 0
1241, 1459429441085, 1653, 2, 21.96, 62.582, 188.57, 460.0, 0, 0, 0, 0
1242, 1459429441130, 1653, 3, 22.01, 50.959, 188.57, 455.4, 0, 0, 0, 0
1243, 1459429444850, 1656, 1, 22.22, 47.962, 174.29, 432.4, 0, 0, 0, 0
1244, 1459429445234, 1657, 3, 22.01, 50.959, 188.57, 455.4, 0, 0, 0, 0
1245, 1459429445324, 1657, 2, 21.96, 62.582, 188.57, 464.6, 0, 0, 0, 0
1246, 1459429449340, 1661, 1, 22.21, 47.962, 171.43, 432.4, 0, 0, 0, 0
1247, 1459429449370, 1661, 3, 22.01, 51.161, 188.57, 455.4, 0, 0, 0, 0
1248, 1459429449690, 1661, 2, 21.97, 62.582, 188.57, 469.2, 0, 0, 0, 0
1249, 1459429453465, 1665, 3, 22.01, 51.282, 188.57, 460.0, 0, 0, 0, 0
1250, 1459429453556, 1665, 2, 21.96, 62.582, 190.00, 464.6, 0, 0, 0, 0
1251, 1459429453704, 1665, 1, 22.22, 47.962, 172.86, 437.0, 0, 0, 0, 0
1252, 1459429456956, 1668, 3, 22.00, 51.282, 190.00, 460.0, 0, 0, 0, 0
1253, 1459429457419, 1669, 2, 21.97, 62.582, 188.57, 464.6, 0, 0, 0, 0
1254, 1459429457821, 1669, 1, 22.21, 47.962, 171.43, 432.4, 0, 0, 0, 0
1255, 1459429461035, 1673, 2, 21.96, 62.541, 190.00, 469.2, 0, 0, 0, 0
1256, 1459429461185, 1673, 1, 22.21, 47.962, 171.43, 437.0, 0, 0, 0, 0
1257, 1459429461319, 1673, 3, 22.01, 51.202, 190.00, 455.4, 0, 0, 0, 0
1258, 1459429464774, 1676, 2, 21.97, 62.541, 187.14, 464.6, 0, 0, 0, 0
1259, 1459429465179, 1677, 1, 22.21, 47.962, 172.86, 437.0, 0, 0, 0, 0
1260, 1459429465434, 1677, 3, 22.00, 50.999, 187.14, 455.4, 0, 0, 0, 0
1261, 1459429468673, 1680, 3, 22.01, 51.161, 188.57, 455.4, 0, 0, 0, 0
1262, 1459429468914, 1680, 1, 22.21, 47.962, 171.43, 432.4, 0, 0, 0, 0
1263, 1459429469389, 1681, 2, 21.96, 62.541, 187.14, 464.6, 0, 0, 0, 0
1264, 1459429473028, 1685, 1, 22.21, 47.962, 171.43, 432.4, 0, 0, 0, 0
1265, 1459429473163, 1685, 3, 22.00, 51.282, 188.57, 455.4, 0, 0, 0, 0
1266, 1459429473379, 1685, 2, 21.96, 62.541, 188.57, 464.6, 0, 0, 0, 0
1267, 1459429476618, 1688, 2, 21.96, 62.541, 188.57, 464.6, 0, 0, 0, 0
1268, 1459429476916, 1688, 3, 22.00, 51.282, 188.57, 455.4, 0, 0, 0, 0
1269, 1459429477269, 1689, 1, 22.21, 47.921, 175.71, 437.0, 0, 0, 0, 0
1270, 1459429480768, 1692, 3, 22.00, 51.282, 187.14, 455.4, 0, 0, 0, 0
1271, 1459429481482, 1693, 2, 21.96, 62.541, 188.57, 464.6, 0, 0, 0, 0
1272, 1459429481516, 1693, 1, 22.21, 47.962, 174.29, 437.0, 0, 0, 0, 0
1273, 1459429484997, 1697, 1, 22.20, 47.921, 171.43, 437.0, 0, 0, 0, 0
1274, 1459429485100, 1697, 2, 21.96, 62.541, 188.57, 464.6, 0, 0, 0, 0
1275, 1459429485633, 1697, 3, 22.00, 50.999, 187.14, 455.4, 0, 0, 0, 0
1276, 1459429488837, 1700, 2, 21.96, 62.582, 187.14, 464.6, 0, 0, 0, 0
1277, 1459429488998, 1701, 3, 22.00, 51.080, 188.57, 450.8, 0, 0, 0, 0
1278, 1459429489238, 1701, 1, 22.20, 47.962, 171.43, 427.8, 0, 0, 0, 0
1279, 1459429492740, 1704, 1, 22.20, 47.962, 171.43, 432.4, 0, 0, 0, 0
1280, 1459429492951, 1704, 2, 21.96, 62.582, 188.57, 464.6, 0, 0, 0, 0
1281, 1459429493488, 1705, 3, 22.00, 51.080, 187.14, 450.8, 0, 0, 0, 0
1282, 1459429496691, 1708, 2, 21.96, 62.541, 188.57, 464.6, 0, 0, 0, 0
1283, 1459429496727, 1708, 3, 22.00, 50.999, 187.14, 455.4, 0, 0, 0, 0
1284, 1459429497342, 1709, 1, 22.20, 47.962, 171.43, 437.0, 0, 0, 0, 0
1285, 1459429500932, 1712, 2, 21.96, 62.541, 187.14, 464.6, 0, 0, 0, 0
1286, 1459429501096, 1713, 1, 22.20, 47.962, 172.86, 432.4, 0, 0, 0, 0
1287, 1459429501223, 1713, 3, 22.00, 51.121, 187.14, 450.8, 0, 0, 0, 0
1288, 1459429504956, 1716, 3, 21.99, 51.080, 188.57, 450.8, 0, 0, 0, 0
1289, 1459429505337, 1717, 1, 22.20, 48.002, 174.29, 432.4, 0, 0, 0, 0
1290, 1459429505546, 1717, 2, 21.96, 62.541, 188.57, 464.6, 0, 0, 0, 0
1291, 1459429508538, 1720, 2, 21.96, 62.541, 185.71, 464.6, 0, 0, 0, 0
1292, 1459429508949, 1720, 3, 22.00, 51.080, 187.14, 450.8, 0, 0, 0, 0
1293, 1459429509311, 1721, 1, 22.20, 47.962, 171.43, 427.8, 0, 0, 0, 0
1294, 1459429512925, 1724, 1, 22.20, 47.962, 172.86, 437.0, 0, 0, 0, 0
1295, 1459429513151, 1725, 2, 21.96, 62.541, 188.57, 455.4, 0, 0, 0, 0
1296, 1459429513560, 1725, 3, 22.00, 51.282, 187.14, 450.8, 0, 0, 0, 0
1297, 1459429516642, 1728, 2, 21.97, 62.541, 188.57, 464.6, 0, 0, 0, 0
1298, 1459429517415, 1729, 1, 22.20, 48.002, 172.86, 423.2, 0, 0, 0, 0
1299, 1459429517551, 1729, 3, 21.99, 51.282, 187.14, 450.8, 0, 0, 0, 0
1300, 1459429520781, 1732, 1, 22.21, 48.002, 172.86, 432.4, 0, 0, 0, 0
1301, 1459429521507, 1733, 2, 21.95, 62.541, 185.71, 460.0, 0, 0, 0, 0
1302, 1459429521665, 1733, 3, 22.00, 51.282, 188.57, 450.8, 0, 0, 0, 0
1303, 1459429525034, 1737, 1, 22.20, 47.962, 174.29, 418.6, 0, 0, 0, 0
1304, 1459429525372, 1737, 2, 21.94, 62.541, 190.00, 464.6, 0, 0, 0, 0
1305, 1459429525406, 1737, 3, 22.00, 51.282, 187.14, 450.8, 0, 0, 0, 0
1306, 1459429528645, 1740, 3, 22.00, 51.282, 188.57, 450.8, 0, 0, 0, 0
1307, 1459429528987, 1741, 2, 21.96, 62.582, 187.14, 455.4, 0, 0, 0, 0
1308, 1459429529385, 1741, 1, 22.20, 48.002, 172.86, 427.8, 0, 0, 0, 0
1309, 1459429532876, 1744, 1, 22.21, 47.962, 171.43, 427.8, 0, 0, 0, 0
1310, 1459429532977, 1745, 2, 21.94, 62.541, 192.86, 464.6, 0, 0, 0, 0
1311, 1459429533141, 1745, 3, 21.99, 51.282, 187.14, 450.8, 0, 0, 0, 0
1312, 1459429536840, 1748, 2, 21.95, 62.541, 182.86, 460.0, 0, 0, 0, 0
1313, 1459429537115, 1749, 1, 22.20, 47.962, 172.86, 432.4, 0, 0, 0, 0
1314, 1459429537491, 1749, 3, 21.98, 51.242, 187.14, 450.8, 0, 0, 0, 0
1315, 1459429541231, 1753, 1, 22.20, 47.962, 172.86, 432.4, 0, 0, 0, 0
1316, 1459429541457, 1753, 2, 21.94, 62.541, 190.00, 460.0, 0, 0, 0, 0
1317, 1459429541485, 1753, 3, 21.99, 51.121, 190.00, 460.0, 0, 0, 0, 0
1318, 1459429545219, 1757, 3, 21.99, 51.161, 188.57, 446.2, 0, 0, 0, 0
1319, 1459429545443, 1757, 2, 21.96, 62.582, 188.57, 460.0, 0, 0, 0, 0
1320, 1459429545476, 1757, 1, 22.21, 47.962, 171.43, 427.8, 0, 0, 0, 0
1321, 1459429548834, 1760, 1, 22.20, 47.962, 170.00, 432.4, 0, 0, 0, 0
1322, 1459429548958, 1760, 3, 22.00, 51.161, 187.14, 441.6, 0, 0, 0, 0
1323, 1459429549559, 1761, 2, 21.96, 62.541, 190.00, 464.6, 0, 0, 0, 0
1324, 1459429553073, 1765, 1, 22.20, 47.962, 174.29, 427.8, 0, 0, 0, 0
1325, 1459429553176, 1765, 2, 21.96, 62.541, 190.00, 469.2, 0, 0, 0, 0
1326, 1459429553204, 1765, 3, 21.99, 51.080, 188.57, 450.8, 0, 0, 0, 0
1327, 1459429556814, 1768, 1, 22.20, 47.962, 171.43, 427.8, 0, 0, 0, 0
1328, 1459429557179, 1769, 3, 21.99, 51.121, 187.14, 524.4, 0, 0, 0, 0
1329, 1459429557291, 1769, 2, 21.95, 62.541, 187.14, 464.6, 0, 0, 0, 0
1330, 1459429560779, 1772, 2, 21.96, 62.541, 187.14, 460.0, 0, 0, 0, 0
1331, 1459429561420, 1773, 3, 21.99, 51.039, 187.14, 446.2, 0, 0, 0, 0
1332, 1459429561448, 1773, 1, 22.20, 47.962, 172.86, 432.4, 0, 0, 0, 0
1333, 1459429564769, 1776, 2, 21.96, 62.541, 188.57, 455.4, 0, 0, 0, 0
1334, 1459429564799, 1776, 3, 21.99, 50.959, 188.57, 446.2, 0, 0, 0, 0
1335, 1459429564918, 1776, 1, 22.21, 47.962, 171.43, 427.8, 0, 0, 0, 0
1336, 1459429569260, 1781, 2, 21.95, 62.541, 187.14, 460.0, 0, 0, 0, 0
1337, 1459429569292, 1781, 1, 22.20, 47.921, 171.43, 432.4, 0, 0, 0, 0
1338, 1459429569772, 1781, 3, 22.00, 50.999, 187.14, 450.8, 0, 0, 0, 0
1339, 1459429572648, 1784, 1, 22.20, 47.921, 174.29, 432.4, 0, 0, 0, 0
1340, 1459429572764, 1784, 3, 21.99, 50.999, 187.14, 450.8, 0, 0, 0, 0
1341, 1459429572996, 1785, 2, 21.96, 62.541, 187.14, 469.2, 0, 0, 0, 0
1342, 1459429577003, 1789, 3, 21.99, 50.918, 187.14, 450.8, 0, 0, 0, 0
1343, 1459429577513, 1789, 1, 22.20, 47.962, 170.00, 432.4, 0, 0, 0, 0
1344, 1459429577738, 1789, 2, 21.94, 62.541, 188.57, 469.2, 0, 0, 0, 0
1345, 1459429580978, 1792, 2, 21.96, 62.541, 188.57, 460.0, 0, 0, 0, 0
1346, 1459429581242, 1793, 3, 22.00, 50.918, 188.57, 446.2, 0, 0, 0, 0
1347, 1459429581752, 1793, 1, 22.20, 47.962, 171.43, 427.8, 0, 0, 0, 0
1348, 1459429584592, 1796, 2, 21.96, 62.501, 188.57, 460.0, 0, 0, 0, 0
1349, 1459429584634, 1796, 3, 22.00, 51.039, 187.14, 450.8, 0, 0, 0, 0
1350, 1459429584868, 1796, 1, 22.20, 47.921, 171.43, 427.8, 0, 0, 0, 0
1351, 1459429588581, 1800, 2, 21.96, 62.501, 187.14, 460.0, 0, 0, 0, 0
1352, 1459429588981, 1800, 1, 22.21, 47.962, 174.29, 432.4, 0, 0, 0, 0
1353, 1459429589347, 1801, 3, 21.99, 51.242, 187.14, 450.8, 0, 0, 0, 0
